0;#;FORM;LEMMA;POS;GRAM;COMMENT;CHECKED;CONTEXT;RIGHT1;RIGHT2;RIGHT3;RIGHT4;RIGHT5;RIGHT6;RIGHTLEMMA;AUTO_LEMMA;AUTO_POS;AUTO_GRAM
42728;# doc = C:\Users\јлександр\Desktop\Olesar\LiveCorpus\ќпоздавшие(1)\comment_video.2.txt;;;;;;;;;;;;;;;;;
42729;# mediafile = https://yadi.sk/i/d0yRP2Kp3Mxwq4?t=0m49s;;;;;;;;;;;;;;;;;
42730;# mediafile2 = https://www.youtube.com/watch?v=LL8XlYc7LCQ;;;;;;;;;;;;;;;;;
42731;"<speech role=""¬л@"" />";;;;;;;;;;;;;;;;;
42731;<noindex>[нрзб]</noindex>;;;;;;;;;;;;;;;;;
42732;;Ўесть;Ў≈—“№;NUM;nom;;;FORM  Ўесть супергаджетов дл€ котов //;ь;т;с;е;Ў;;№;0;0;0
42733;;супергаджетов;—”ѕ≈–√јƒ∆≈“;S;m inan gen pl;;;FORM  Ўесть супергаджетов дл€ котов //;в;о;т;е;ж;д;“;—”ѕ≈–√јƒ∆≈“;S;m inan gen pl
42734;;дл€;ƒЋя;PR;PR;;; Ўесть супергаджетов дл€ котов // он;€;л;д;;;;я;ƒЋя;PR;PR
42735;;котов; ќ“;S;m anim gen pl;;;Ўесть супергаджетов дл€ котов // он грузитс€;в;о;т;о;к;;“; ќ“;S;m anim gen pl
42736;;//;//;PUNCT;_;;;супергаджетов дл€ котов // он грузитс€ э;/;/;;;;;/;//;PUNCT;_
42737;;он;ќЌ;SPRO;sg 3p m nom;;;дл€ котов // он грузитс€ э ;н;о;;;;;Ќ;ќЌ;SPRO;sg 3p m nom
42738;;грузитс€;√–”«»“№—я;V;ipf praes sg indic - 3p;;;котов // он грузитс€ э  ;€;с;т;и;з;у;я;√–”«»“№—я;V;ipf praes sg indic - 3p
42739;;э;Ё;INTJ;INTJ;;;// он грузитс€ э    омпьютер;э;;;;;;Ё;Ё;S;- - nonflex nonflex
42740;;;;;;;;;;;;;;;;;;
42741;"<speech role=""¬р@"" />";;;;;;;;;;;;;;;;;
42742;; омпьютер; ќћѕ№ё“≈–;S;m inan nom sg;;;э    омпьютер не готов к;р;е;т;ю;ь;п;–; ќћѕ№ё“≈–;S;m inan nom sg
42743;;не;Ќ≈;PART;PART;;;   омпьютер не готов к такой;е;н;;;;;≈;Ќ≈;PART;PART
42744;;готов;√ќ“ќ¬џ…;A;- - sg brev m -;;;  омпьютер не готов к такой офигенности;в;о;т;о;г;;…;√ќ“ќ¬џ…;A;- - sg brev m -
42745;;к; ;PR;PR;;; омпьютер не готов к такой офигенности ;к;;;;;; ; ;PR;PR
42746;;такой;“ј ќ…;APRO;f - dat sg;;;не готов к такой офигенности  ;й;о;к;а;т;;…;“ј ќ…;A;- ins sg plen f -
42747;;офигенности;ќ‘»√≈ЌЌќ—“№;S;f inan dat sg;;;готов к такой офигенности   »нтернет;и;т;с;о;н;н;№;ќ‘»√≈ЌЌќ—“№;S;f inan loc sg
42748;;;;;;;;;;;;;;;;;;
42749;"<speech role=""¬л@"" />";;;;;;;;;;;;;;;;;
42750;;»нтернет;»Ќ“≈–Ќ≈“;S;m inan nom sg;;;офигенности   »нтернет не готов к;т;е;н;р;е;т;“;»Ќ“≈–Ќ≈“;S;m inan nom sg
42751;;не;Ќ≈;PART;PART;;;  »нтернет не готов к такой;е;н;;;;;≈;Ќ≈;PART;PART
42752;;готов;√ќ“ќ¬џ…;A;- - sg brev m -;;; »нтернет не готов к такой офигенности;в;о;т;о;г;;…;√ќ“ќ¬џ…;A;- - sg brev m -
42753;;к; ;PR;PR;;;»нтернет не готов к такой офигенности //;к;;;;;; ; ;PR;PR
42754;;такой;“ј ќ…;APRO;f - dat sg;;;не готов к такой офигенности // это;й;о;к;а;т;;…;“ј ќ…;A;- ins sg plen f -
42755;;офигенности;ќ‘»√≈ЌЌќ—“№;S;f inan dat sg;;;готов к такой офигенности // это ;и;т;с;о;н;н;№;ќ‘»√≈ЌЌќ—“№;S;f inan loc sg
42756;"<distinct form=""эт"">";;;;;;;;;;;;;;;;;
42757;;//;//;PUNCT;;;;к такой офигенности // это  ;/;/;;;;;/;//;PUNCT;
42758;;это;Ё“ќ;INTJ;INTJ;;;такой офигенности // это   ¬сЄ;о;т;э;;;;ќ;Ё“ќ;S;n - acc sg
42759;</distinct>;;;;;;;;;;;;;;;;;
42760;<noindex>[нрзб]</noindex>;;;;;;;;;;;;;;;;;
42761;;¬сЄ;¬—≈;ADV;-;;;это   ¬сЄ / пошло //;Є;с;¬;;;;≈;¬—≈;S;n - nom sg
42762;;/;/;PUNCT;;;;;/;;;;;;/;/;/;/
42763;;пошло;ѕќ…“»;V;pf praet sg indic n -;;; ¬сЄ / пошло // —ливкишоу /;о;л;ш;о;п;;»;ѕќ…“»;V;pf praet sg indic n -
42764;"<class=""note"">смеетс€</span>";;;;;;;;;;;;;;;;;
42765;;//;//;PUNCT;;;;¬сЄ / пошло // —ливкишоу / ќбожаю;/;/;;;;;/;//;PUNCT;
42766;;—ливкишоу;—Ћ»¬ »Ўќ”;S;n inan nom sg;;;/ пошло // —ливкишоу / ќбожаю ;у;о;ш;и;к;в;”;—Ћ»¬ »Ўќ”;S;f inan nonflex nonflex
42767;;/;/;PUNCT;;;;;/;;;;;;/;/;/;/
42768;;ќбожаю;ќЅќ∆ј“№;V;ipf praes sg indic - 1p;;;// —ливкишоу / ќбожаю   ;ю;а;ж;о;б;ќ;№;ќЅќ∆ј“№;V;ipf praes sg indic - 1p
42769;;;;;;;;;;;;;;;;;;
42770;"<speech role=""¬р@"" />";;;;;;;;;;;;;;;;;
42771;"<span <class=""note"">смеетс€</span>";;;;;;;;;;;;;;;;;
42772;;;;;;;;;;;;;;;;;;
42773;"<speech role=""¬л@"" />";;;;;;;;;;;;;;;;;
42774;;Ёто;Ё“ќ;INTJ;INTJ;;;   Ёто можно сливкишоу называть;о;т;Ё;;;;ќ;Ё“ќ;S;n - nom sg
42775;;можно;ћќ∆Ќќ;PRAEDIC;-;;;  Ёто можно сливкишоу называть /;о;н;ж;о;м;;ќ;ћќ∆Ќќ;ADV;-
42776;;сливкишоу;—Ћ»¬ »Ўќ”;S;n inan acc sg;;; Ёто можно сливкишоу называть / канал;у;о;ш;и;к;в;”;—Ћ»¬ »Ўќ”;S;n inan nonflex nonflex
42777;;называть;Ќј«џ¬ј“№;V;ipf - - inf - -;;;Ёто можно сливкишоу называть / канал ?;ь;т;а;в;ы;з;№;Ќј«џ¬ј“№;V;ipf - - inf - -
42778;;/;/;PUNCT;;;;;/;;;;;;/;/;/;/
42779;;канал; јЌјЋ;S;m inan acc sg;;;сливкишоу называть / канал ?  Ќазвание;л;а;н;а;к;;Ћ; јЌјЋ;S;m inan nom sg
42780;;?;?;PUNCT;SENT;;;называть / канал ?  Ќазвание канала;?;;;;;;?;?;SENT;SENT
42781;;;;;;;;;;;;;;;;;;
42782;;Ќазвание;Ќј«¬јЌ»≈;S;n inan acc sg;;;канал ?  Ќазвание канала можно ?;е;и;н;а;в;з;≈;Ќј«¬јЌ»≈;S;n inan nom sg
42783;;канала; јЌјЋ;S;m inan gen sg;;;?  Ќазвание канала можно ? Ќуу;а;л;а;н;а;к;Ћ; јЌјЋ;S;m inan gen sg
42784;;можно;ћќ∆Ќќ;PRAEDIC;-;;; Ќазвание канала можно ? Ќуу /;о;н;ж;о;м;;ќ;ћќ∆Ќќ;ADV;-
42785;;?;?;PUNCT;;;;Ќазвание канала можно ? Ќуу / давай;?;;;;;;?;?;SENT;
42786;;;;;;;;;;;;;;;;;;
42787;"<speech role=""¬р@"" />";;;;;;;;;;;;;;;;;
42788;;Ќуу;Ќ””;INTJ;INTJ;;;канала можно ? Ќуу / давай ;у;у;Ќ;;;;”;Ќ””;S;m anim nonflex nonflex
42789;;/;/;PUNCT;;;;;/;;;;;;/;/;/;/
42790;;давай;ƒј¬ј“№;V;ipf - sg imper - 2p;;;? Ќуу / давай   я;й;а;в;а;д;;№;ƒј¬ј“№;V;ipf - sg imper - 2p
42791;;;;;;;;;;;;;;;;;;
42792;"<speech role=""¬л@"" />";;;;;;;;;;;;;;;;;
42793;;я;я;SPRO;sg 1p - nom;;;давай   я просто назвал //;я;;;;;;я;я;SPRO;sg 1p - nom
42794;;просто;ѕ–ќ—“ќ;ADV;-;;;  я просто назвал // я;о;т;с;о;р;п;ќ;ѕ–ќ—“ќ;ADV;-
42795;;назвал;Ќј«¬ј“№;V;pf praet sg indic m 1p;;; я просто назвал // я поэтому;л;а;в;з;а;н;№;Ќј«¬ј“№;V;pf praet sg indic m -
42796;;//;//;PUNCT;_;;;я просто назвал // я поэтому э;/;/;;;;;/;//;PUNCT;_
42797;;я;я;SPRO;sg 1p - nom;;;просто назвал // я поэтому э ;я;;;;;;я;я;SPRO;sg 1p - nom
42798;;поэтому;ѕќЁ“ќћ”;ADVPRO;-;;;назвал // я поэтому э  ;у;м;о;т;э;о;”;ѕќЁ“ќћ”;ADV;-
42799;;э;Ё;INTJ;INTJ;;;// я поэтому э   ;э;;;;;;Ё;Ё;S;- - nonflex nonflex
42800;"<span <class=""note"">вздыхает</span>";;;;;;;;;;;;;;;;;
42801;"<span <class=""note"">смеетс€</span>";;;;;;;;;;;;;;;;;
42802;"<span <class=""note"">смеетс€</span>";;;;;;;;;;;;;;;;;
42803;;;;;;;;;;;;;;;;;;
42804;"<distinct form=""гажет"">";;;;;;;;;;;;;;;;;
42805;;Ќу;Ќ”;INTJ;INTJ;;;   Ќу гаджет  /;у;Ќ;;;;;”;Ќ”;PART;
42806;;гаджет;√јƒ∆≈“;S;f inan nom sg;;;  Ќу гаджет  / доустим;т;е;ж;д;а;г;“;√јƒ∆≈“;S;f inan nom sg
42807;</distinct>;;;;;;;;;;;;;;;;;
42808;;/;/;PUNCT;;;;;/;;;;;;/;/;/;/
42809;;допустим;ƒќѕ”—“»“№;PARENTH;-;;;гаджет  / доустим / хороший дл€;м;и;т;с;у;о;№;ƒќѕ”—“»“№;V;V
42810;;/;/;PUNCT;;;;;/;;;;;;/;/;/;/
42811;;хороший;’ќ–ќЎ»…;A;- nom sg plen m -;;;/ доустим / хороший дл€ того чтобы;й;и;ш;о;р;о;…;’ќ–ќЎ»…;A;- nom sg plen m -
42812;;дл€;ƒЋя;PR;PR;;;доустим / хороший дл€ того чтобы убирать;€;л;д;;;;я;ƒЋя;PR;PR
42813;;того;“ќ“;APRO;n - gen sg;;;/ хороший дл€ того чтобы убирать шерсть;о;г;о;т;;;“;“ќ;S;n - gen sg
42814;;чтобы;„“ќЅџ;CONJ;CONJ;;;хороший дл€ того чтобы убирать шерсть во врем€;ы;б;о;т;ч;;џ;„“ќЅџ;CONJ;CONJ
42815;;убирать;”Ѕ»–ј“№;V;ipf - - inf - -;;;дл€ того чтобы убирать шерсть во врем€ линьки;ь;т;а;р;и;б;№;”Ѕ»–ј“№;V;ipf - - inf - -
42816;;шерсть;Ў≈–—“№;S;f inan acc sg;;;того чтобы убирать шерсть во врем€ линьки это;ь;т;с;р;е;ш;№;Ў≈–—“№;S;f inan acc sg
42817;;во врем€;во врем€;PR;PR;раздельно;;чтобы убирать шерсть во врем€ линьки это да;€;м;е;р;в; ;€;во врем€;PR;PR
42818;;линьки;Ћ»Ќ№ ј;S;f inan gen sg;;;убирать шерсть во врем€ линьки это да допустим;и;к;ь;н;и;л;ј;Ћ»Ќ№ ј;S;m inan gen sg
42819;;это;Ё“ќ;PART;PART;;;шерсть во врем€ линьки это да допустим да;о;т;э;;;;ќ;Ё“ќ;S;n - nom sg
42820;;да;ƒј;PART;PART;;;во врем€ линьки это да допустим да /;а;д;;;;;ј;ƒј;PART;PART
42821;;допустим;ƒќѕ”—“»“№;PARENTH;-;;;линьки это да допустим да / потому что;м;и;т;с;у;п;№;ƒќѕ”—“»“№;V;pf - pl imper - 1p
42822;;да;ƒј;CONJ;CONJ;;;это да допустим да / потому что у;а;д;;;;;ј;ƒј;CONJ;CONJ
42823;;/;/;PUNCT;;;;;/;;;;;;/;/;/;/
42824;;потому что;потому что;CONJ;CONJ;;;допустим да / потому что у него лезет;о;т;ч; ;у;м;о;потому что;CONJ;CONJ
42825;;у;”;PR;PR;;;да / потому что у него лезет она;у;;;;;;”;”;PR;PR
42826;;него;ќЌ;SPRO;sg 3p m gen;;;/ потому что у него лезет она везде;о;г;е;н;;;Ќ;ќЌ;SPRO;sg 3p m acc
42827;;лезет;Ћ≈«“№;V;ipf praes sg indic - 3p;;;потому что у него лезет она везде //;т;е;з;е;л;;№;Ћ≈«“№;V;ipf praes sg indic - 3p
42828;;она;ќЌј;SPRO;sg 3p f nom;;;у него лезет она везде // это;а;н;о;;;;ј;ќЌј;SPRO;sg 3p f nom
42829;;везде;¬≈«ƒ≈;ADV;-;;;него лезет она везде // это пон€тно;е;д;з;е;в;;≈;¬≈«ƒ≈;ADV;-
42830;;//;//;PUNCT;_;;;лезет она везде // это пон€тно пэ...;/;/;;;;;/;//;PUNCT;_
42831;;это;Ё“ќ;SPRO;n - nom sg;;;она везде // это пон€тно пэ... но;о;т;э;;;;ќ;Ё“ќ;S;n - nom sg
42832;;пон€тно;ѕќЌя“Ќџ…;A;- - sg brev n -;;;везде // это пон€тно пэ... но он;о;н;т;€;н;о;…;ѕќЌя“Ќџ…;A;- - sg brev n -
42833;;пэ;ѕЁ;;;dictinct form;;// это пон€тно пэ... но он предлагает;.;.;.;э;п;;Ё;ѕЁ...;S;n inan nonflex nonflex
42834;;но;Ќќ;CONJ;CONJ;;;это пон€тно пэ... но он предлагает потом;о;н;;;;;ќ;Ќќ;CONJ;CONJ
42835;;он;ќЌ;SPRO;sg 3p m nom;;;пон€тно пэ... но он предлагает потом св€зать;н;о;;;;;Ќ;ќЌ;SPRO;sg 3p m nom
42836;;предлагает;ѕ–≈ƒЋј√ј“№;V;ipf praes sg indic - 3p;;;пэ... но он предлагает потом св€зать из;т;е;а;г;а;л;№;ѕ–≈ƒЋј√ј“№;V;ipf praes sg indic - 3p
42837;;потом;ѕќ“ќћ;ADVPRO;-;;;но он предлагает потом св€зать из этой;м;о;т;о;п;;ћ;ѕќ“ќћ;ADV;-
42838;;св€зать;—¬я«ј“№;V;pf - - inf - -;;;он предлагает потом св€зать из этой шерсти;ь;т;а;з;€;в;№;—¬я«ј“№;V;pf - - inf - -
42839;;из;»«;PR;PR;;;предлагает потом св€зать из этой шерсти шарфик;з;и;;;;;«;»«;PR;PR
42840;;этой;Ё“ќ“;A;- gen sg plen f -;;;потом св€зать из этой шерсти шарфик //;й;о;т;э;;;“;Ё“ќ“;A;- gen sg plen f -
42841;;шерсти;Ў≈–—“№;S;f inan gen sg;;;св€зать из этой шерсти шарфик // ну;и;т;с;р;е;ш;№;Ў≈–—“№;S;f inan gen sg
42842;;шарфик;Ўј–‘» ;S;m inan acc sg;;;из этой шерсти шарфик // ну такое;к;и;ф;р;а;ш; ;Ўј–‘» ;S;m inan nom sg
42843;;//;//;PUNCT;_;;;этой шерсти шарфик // ну такое ;/;/;;;;;/;//;PUNCT;_
42844;;ну;Ќ”;INTJ;INTJ;;;шерсти шарфик // ну такое  на;у;н;;;;;”;Ќ”;PART;PART
42845;;такое;“ј ќ…;APRO;n - nom sg;;;шарфик // ну такое  на самом;е;о;к;а;т;;…;“ј ќ…;A;- nom sg plen n -
42846;"<distinct form=""насамделе"">";;;;- nom sg plen n -;;;;;;;;;;;;;
42847;;на;Ќј;PR;PR;;;ну такое  на самом деле ;а;н;;;;;ј;Ќј;PR;PR
42848;;самом;—јћџ…;A;- loc sg plen n -;;;такое  на самом деле  //;м;о;м;а;с;;…;—јћџ…;A;- loc sg plen n -
42849;;деле;ƒ≈Ћќ;S;n inan loc sg;;; на самом деле  // из;е;л;е;д;;;ќ;ƒ≈Ћќ;S;n inan loc sg
42850;</distinct>;;;;;;;;;;;;;;;;;
42851;;//;//;PUNCT;_;;;самом деле  // из шерсти кота;/;/;;;;;/;//;PUNCT;_
42852;;из;»«;PR;PR;;;деле  // из шерсти кота ;з;и;;;;;«;»«;PR;PR
42853;;шерсти;Ў≈–—“№;S;f inan gen sg;;; // из шерсти кота  ;и;т;с;р;е;ш;№;Ў≈–—“№;S;f inan gen sg
42854;;кота; ќ“;S;m anim gen sg;;;// из шерсти кота   так;а;т;о;к;;;“; ќ“;S;m anim gen sg
42855;;;;;;;;;;;;;;;;;;
42856;"<speech role=""¬р@"" />";;;;;;;;;;;;;;;;;
42857;;так;“ј ;ADV;-;;;кота   так мо€ бабушка шутила;к;а;т;;;; ;“ј ;ADV;-
42858;;мо€;ћќ…;APRO;f - nom sg;;;  так мо€ бабушка шутила ;€;о;м;;;;…;ћќ…;A;- nom sg plen f -
42859;;бабушка;ЅјЅ”Ў ј;S;f anim nom sg;;; так мо€ бабушка шутила  ;а;к;ш;у;б;а;ј;ЅјЅ”Ў ј;S;f anim nom sg
42860;;шутила;Ў”“»“№;V;ipf praet sg indic f -;;;так мо€ бабушка шутила   эм;а;л;и;т;у;ш;№;Ў”“»“№;V;ipf praet sg indic f -
42861;;;;;;;;;;;;;;;;;;
42862;"<speech role=""¬л@"" />";;;;;;;;;;;;;;;;;
42863;;эм;Ёћ;INTJ;INTJ;;;шутила   эм  когда ;м;э;;;;;ћ;Ёћ;S;n inan nonflex nonflex
42864;"<distinct form=""када"">";;;;;;;;;;;;;;;;;
42865;;когда; ќ√ƒј;ADV;-;;; эм  когда  э /;а;д;г;о;к;;ј; ќ√ƒј;CONJ;CONJ
42866;</distinct>;;;;;;;;;;;;;;;;;
42867;;э;Ё;INTJ;INTJ;;; когда  э / мой дедушка;э;;;;;;Ё;Ё;INTJ;INTJ
42868;;/;/;PUNCT;;;;;/;;;;;;/;/;/;/
42869;;мой;ћќ…;APRO;m  - nom sg;;; э / мой дедушка так еще;й;о;м;;;;…;ћќ…;A;- nom sg plen m -
42870;;дедушка;ƒ≈ƒ”Ў ј;S;m anim nom sg;;;э / мой дедушка так еще шутил;а;к;ш;у;д;е;ј;ƒ≈ƒ”Ў ј;S;m anim nom sg
42871;;так;“ј ;ADV;-;;;/ мой дедушка так еще шутил и;к;а;т;;;; ;“ј ;ADV;-
42872;;еще;≈ў≈;ADV;-;;;мой дедушка так еще шутил и говорил;е;щ;е;;;;≈;≈ў≈;ADV;-
42873;;шутил;Ў”“»“№;V;ipf praet sg indic m -;;;дедушка так еще шутил и говорил /;л;и;т;у;ш;;№;Ў”“»“№;V;ipf praet sg indic m -
42874;;и;»;CONJ;CONJ;;;так еще шутил и говорил / что;и;;;;;;»;»;CONJ;CONJ
42875;;говорил;√ќ¬ќ–»“№;V;ipf praet sg indic m -;;;еще шутил и говорил / что это;л;и;р;о;в;о;№;√ќ¬ќ–»“№;V;ipf praet sg indic m -
42876;;/;/;PUNCT;;;;;/;;;;;;/;/;/;/
42877;;что;„“ќ;CONJ;CONJ;;;и говорил / что это его бабушка;о;т;ч;;;;ќ;„“ќ;CONJ;CONJ
42878;;это;Ё“ќ;PART;PART;;;говорил / что это его бабушка шутила;о;т;э;;;;ќ;Ё“ќ;S;n - nom sg
42879;;его;≈√ќ;APRO; - gen sg plen m -;;;/ что это его бабушка шутила /;о;г;е;;;;ќ;≈√ќ;A;- nonflex nonflex plen - -
42880;;бабушка;ЅјЅ”Ў ј;S;f anim nom sg;;;что это его бабушка шутила / и;а;к;ш;у;б;а;ј;ЅјЅ”Ў ј;S;f anim nom sg
42881;;шутила;Ў”“»“№;V;ipf praet sg indic f -;;;это его бабушка шутила / и уже;а;л;и;т;у;ш;№;Ў”“»“№;V;ipf praet sg indic f -
42882;;/;/;PUNCT;;;;;/;;;;;;/;/;/;/
42883;;и;»;CONJ;CONJ;;;бабушка шутила / и уже  тогда;и;;;;;;»;»;CONJ;CONJ
42884;;уже;”∆≈;ADV;-;;;шутила / и уже  тогда ;е;ж;у;;;;≈;”∆≈;ADV;-
42885;"<distinct form=""тада"">";;;;;;;;;;;;;;;;;
42886;;тогда;“ќ√ƒј;ADVPRO;-;;;и уже  тогда  это было;а;д;г;о;т;;ј;“ќ√ƒј;ADV;-
42887;</distinct>;;;;;;;;;;;;;;;;;
42888;;это;Ё“ќ;SPRO;n - nom sg;;; тогда  это было ба€ном //;о;т;э;;;;ќ;Ё“ќ;S;n - nom sg
42889;;было;Ѕџ“№;V;ipf praet sg indic n -;;;тогда  это было ба€ном // я;о;л;ы;б;;;№;Ѕџ“№;V;ipf praet sg indic n -
42890;;ба€ном;ЅјяЌ;S;m inan ins sg;;; это было ба€ном // я ;м;о;н;€;а;б;Ќ;ЅјяЌ;S;m inan ins sg
42891;"<class=""note"">вздыхает</span>";;;;;;;;;;;;;;;;;
42892;;//;//;PUNCT;;;;это было ба€ном // я  просто;/;/;;;;;/;//;PUNCT;
42893;;я;я;SPRO;sg 1p - nom;;;было ба€ном // я  просто ;я;;;;;;я;я;S;- - nonflex nonflex
42894;"<distinct form=""пст"">";;;;;;;;;;;;;;;;;
42895;;просто;ѕ–ќ—“ќ;ADV;-;;;// я  просто  не понимаю;о;т;с;о;р;п;ќ;ѕ–ќ—“ќ;ADV;-
42896;</distinct>;;;;;;;;;;;;;;;;;
42897;;не;Ќ≈;PART;PART;;; просто  не понимаю / что;е;н;;;;;≈;Ќ≈;PART;PART
42898;;понимаю;ѕќЌ»ћј“№;V;ipf praes sg indic - 1p;;;просто  не понимаю / что это;ю;а;м;и;н;о;№;ѕќЌ»ћј“№;V;ipf praes sg indic - 1p
42899;;/;/;PUNCT;;;;;/;;;;;;/;/;/;/
42900;;что;„“ќ;CONJ;CONJ;;;не понимаю / что это // э;о;т;ч;;;;ќ;„“ќ;CONJ;CONJ
42901;;это;Ё“ќ;SPRO;n - nom sg;;;понимаю / что это // э у;о;т;э;;;;ќ;Ё“ќ;S;n - nom sg
42902;"<class=""note"">смеетс€</span>";;;;;;;;;;;;;;;;;
42903;;//;//;PUNCT;;;;/ что это // э у этого;/;/;;;;;/;//;PUNCT;
42904;;э;Ё;INTJ;INTJ;;;что это // э у этого ;э;;;;;;Ё;Ё;INTJ;INTJ
42905;"<distinct form=""эт"">";;;;;;;;;;;;;;;;;
42906;;у;”;PR;PR;;;это // э у этого  котика;у;;;;;;”;”;PR;
42907;;этого;Ё“ќ;APRO;n - gen sg;;;// э у этого  котика гаджеты;о;г;о;т;э;;ќ;Ё“ќ;S;n - gen sg
42908;</distinct>;;;;;;;;;;;;;;;;;
42909;;котика; ќ“» ;S;m anim gen sg;;;у этого  котика гаджеты лучше /;а;к;и;т;о;к; ; ќ“» ;S;m inan gen sg
42910;;гаджеты;√јƒ∆≈“;S;m inan acc pl;;;этого  котика гаджеты лучше / чем;ы;т;е;ж;д;а;“;√јƒ∆≈“;S;m inan acc pl
42911;;лучше;’ќ–ќЎќ;ADV;comp;;; котика гаджеты лучше / чем у;е;ш;ч;у;л;;ќ;’ќ–ќЎќ;ADV;comp
42912;;/;/;PUNCT;;;;;/;;;;;;/;/;/;/
42913;;чем;„≈ћ;CONJ;CONJ;;;гаджеты лучше / чем у мен€ //;м;е;ч;;;;ћ;„≈ћ;CONJ;CONJ
42914;;у;”;PR;PR;;;лучше / чем у мен€ // ”;у;;;;;;”;”;PR;PR
42915;;мен€;я;SPRO;sg 1p - gen;;;/ чем у мен€ // ” него;€;н;е;м;;;я;я;SPRO;sg 1p - acc
42916;;//;//;PUNCT;_;;;чем у мен€ // ” него тут;/;/;;;;;/;//;PUNCT;_
42917;;”;”;PR;PR;;;у мен€ // ” него тут чесалка;”;;;;;;”;”;PR;PR
42918;;него;ќЌ;SPRO;sg 3p m gen;;;мен€ // ” него тут чесалка есть;о;г;е;н;;;Ќ;ќЌ;SPRO;sg 3p m acc
42919;;тут;“”“;ADVPRO;-;;;// ” него тут чесалка есть /;т;у;т;;;;“;“”“;ADV;-
42920;;чесалка;„≈—јЋ ј;S;f inan nom sg;;;” него тут чесалка есть / специальна€;а;к;л;а;с;е;ј;„≈—јЋ ј;S;f inan nom sg
42921;;есть;Ѕџ“№;V;ipf praes sg indic - 3p;;;него тут чесалка есть / специальна€ /;ь;т;с;е;;;№;Ѕџ“№;V;ipf praes sg indic - 3p
42922;;/;/;PUNCT;;;;;/;;;;;;/;/;/;/
42923;;специальна€;—ѕ≈÷»јЋ№Ќџ…;A;- nom sg plen f -;;;чесалка есть / специальна€ / чтобы ему;€;а;н;ь;л;а;…;—ѕ≈÷»јЋ№Ќџ…;A;- nom sg plen f -
42924;;/;/;PUNCT;;;;;/;;;;;;/;/;/;/
42925;;чтобы;„“ќЅџ;CONJ;CONJ;;;/ специальна€ / чтобы ему / брюхо;ы;б;о;т;ч;;џ;„“ќЅџ;CONJ;CONJ
42926;;ему;ќЌ;SPRO;sg 3p m dat;;;специальна€ / чтобы ему / брюхо себе;у;м;е;;;;Ќ;ќЌ;SPRO;sg 3p m dat
42927;;/;/;PUNCT;;;;;/;;;;;;/;/;/;/
42928;;брюхо;Ѕ–ё’ќ;S;n inan acc sg;;;чтобы ему / брюхо себе чесал ;о;х;ю;р;б;;ќ;Ѕ–ё’ќ;S;n inan acc sg
42929;;себе;—≈Ѕя;SPRO; - - dat;;;ему / брюхо себе чесал  когда;е;б;е;с;;;я;—≈Ѕя;SPRO;- - - loc
42930;;чесал;„≈—ј“№;V;ipf praet sg indic m -;;;/ брюхо себе чесал  когда ;л;а;с;е;ч;;№;„≈—ј“№;V;ipf praet sg indic m -
42931;"<distinct form=""када"">";;;;;;;;;;;;;;;;;
42932;;когда; ќ√ƒј;ADVPRO;-;;;себе чесал  когда  он хочет;а;д;г;о;к;;ј; ќ√ƒј;ADV;-
42933;</distinct>;;;;;;;;;;;;;;;;;
42934;;он;ќЌ;SPRO;sg 3p m nom;;; когда  он хочет // другую;н;о;;;;;Ќ;ќЌ;SPRO;sg 3p m nom
42935;;хочет;’ќ“≈“№;V;ipf praes sg indic - 3p;;;когда  он хочет // другую кошечку;т;е;ч;о;х;;№;’ќ“≈“№;V;ipf praes sg indic - 3p
42936;;//;//;PUNCT;_;;; он хочет // другую кошечку //;/;/;;;;;/;//;PUNCT;_
42937;;другую;ƒ–”√ќ…;A;- acc sg plen f -;;;он хочет // другую кошечку // ;ю;у;г;у;р;д;…;ƒ–”√ќ…;A;- acc sg plen f -
42938;;кошечку; ќЎ≈„ ј;S;f anim acc sg;;;хочет // другую кошечку //  ;у;к;ч;е;ш;о;ј; ќЎ≈„ ј;S;f anim acc sg
42939;"<class=""note"">вздыхает</span>";;;;;;;;;;;;;;;;;
42940;;//;//;PUNCT;;;;// другую кошечку //   ;/;/;;;;;/;//;PUNCT;
42941;"<span <class=""note"">смеетс€</span>";;;;;;;;;;;;;;;;;
42942;;;;;;;;;;;;;;;;;;
42943;"<speech role=""¬р@"" />";;;;;;;;;;;;;;;;;
42944;;какой; ј ќ…;APRO;m - nom sg;;;   какой клевый кот //;й;о;к;а;к;;…; ј ќ…;A;- nom sg plen m -
42945;;клевый; Ћ≈¬џ…;A;- nom sg plen m -;;;  какой клевый кот // да;й;ы;в;е;л;к;…; Ћ≈¬џ…;A;- nom sg plen m -
42946;;кот; ќ“;S;m anim nom sg;;; какой клевый кот // да почему;т;о;к;;;;“; ќ“;S;m anim nom sg
42947;;//;//;PUNCT;;;;какой клевый кот // да почему этому;/;/;;;;;/;//;PUNCT;
42948;;;;;;;;;;;;;;;;;;
42949;"<speech role=""¬л@"" />";;;;;;;;;;;;;;;;;
42950;;да;ƒј;CONJ;CONJ;;;клевый кот // да почему этому коту;а;д;;;;;ј;ƒј;CONJ;CONJ
42951;;почему;ѕќ„≈ћ”;ADVPRO;-;;;кот // да почему этому коту так;у;м;е;ч;о;п;”;ѕќ„≈ћ”;ADV;-
42952;;этому;Ё“ќ“;APRO;m - dat sg ;;;// да почему этому коту так везет;у;м;о;т;э;;“;Ё“ќ“;A;- dat sg plen m -
42953;;коту; ќ“;S;m anim dat sg;;;да почему этому коту так везет ?;у;т;о;к;;;“; ќ“;S;m anim dat sg
42954;;так;“ј ;ADV;-;;;почему этому коту так везет ? ;к;а;т;;;; ;“ј ;ADV;-
42955;;везет;¬≈«“»;V;ipf praes sg indic - 3p;;;этому коту так везет ?  //;т;е;з;е;в;;»;¬≈«“»;V;ipf praes sg indic - 3p
42956;;?;?;PUNCT;SENT;;;коту так везет ?  // у;?;;;;;;?;?;SENT;SENT
42957;;;;;;;;;;;;;;;;;;
42958;;//;//;PUNCT;_;;;везет ?  // у него еще;/;/;;;;;/;//;PUNCT;_
42959;;у;”;PR;PR;;;?  // у него еще игрушки;у;;;;;;”;”;PR;PR
42960;;него;ќЌ;SPRO;sg 3p m gen;;; // у него еще игрушки тут;о;г;е;н;;;Ќ;ќЌ;SPRO;sg 3p m acc
42961;;еще;≈ў≈;ADV;-;;;// у него еще игрушки тут специальные;е;щ;е;;;;≈;≈ў≈;ADV;-
42962;;игрушки;»√–”Ў ј;S;f inan nom pl;;;у него еще игрушки тут специальные //;и;к;ш;у;р;г;ј;»√–”Ў ј;S;f inan acc pl
42963;;тут;“”“;ADVPRO;-;;;него еще игрушки тут специальные // €;т;у;т;;;;“;“”“;ADV;-
42964;;специальные;—ѕ≈÷»јЋ№Ќџ…;A;- nom pl plen - -;;;еще игрушки тут специальные // € хочу;е;ы;н;ь;л;а;…;—ѕ≈÷»јЋ№Ќџ…;A;- nom pl plen - -
42965;;//;//;PUNCT;_;;;игрушки тут специальные // € хочу в;/;/;;;;;/;//;PUNCT;_
42966;;€;я;SPRO;sg 1p - nom;;;тут специальные // € хочу в следующей;€;;;;;;я;я;SPRO;sg 1p - nom
42967;;хочу;’ќ“≈“№;V;ipf praes sg indic - 1p;;;специальные // € хочу в следующей жизни;у;ч;о;х;;;№;’ќ“≈“№;V;ipf praes sg indic - 1p
42968;;в;¬;PR;PR;;;// € хочу в следующей жизни быть;в;;;;;;¬;¬;PR;PR
42969;;следующей;—Ћ≈ƒ”ёў»…;A;- loc sg plen f -;;;€ хочу в следующей жизни быть котом;й;е;щ;ю;у;д;…;—Ћ≈ƒ”ёў»…;A;- loc sg plen f -
42970;;жизни;∆»«Ќ№;S;f inan loc sg;;;хочу в следующей жизни быть котом €;и;н;з;и;ж;;№;∆»«Ќ№;S;f inan loc sg
42971;;быть;Ѕџ“№;V;ipf - - inf - -;;;в следующей жизни быть котом € становлюсь;ь;т;ы;б;;;№;Ѕџ“№;V;ipf - - inf - -
42972;;котом; ќ“;S;m anim ins sg;;;следующей жизни быть котом € становлюсь э;м;о;т;о;к;;“; ќ“;S;m anim ins sg
42973;;€;я;SPRO;sg 1p - nom;;;жизни быть котом € становлюсь э /;€;;;;;;я;я;SPRO;sg 1p - nom
42974;;становлюсь;—“јЌќ¬»“№—я;V;ipf praes sg indic - 1p;;;быть котом € становлюсь э / как;ь;с;ю;л;в;о;я;—“јЌќ¬»“№—я;V;ipf praes sg indic - 1p
42975;;э;Ё;INTJ;INTJ;;;котом € становлюсь э / как он;э;;;;;;Ё;Ё;S;- - nonflex nonflex
42976;;/;/;PUNCT;;;;;/;;;;;;/;/;/;/
42977;;как; ј ;CONJ;CONJ;;;становлюсь э / как он иудаистом /;к;а;к;;;; ; ј ;CONJ;CONJ
42978;;он;ќЌ;SPRO;sg 3p m nom;;;э / как он иудаистом / полу...;н;о;;;;;Ќ;ќЌ;SPRO;sg 3p m nom
42979;;иудаистом;»”ƒј»—“;S;m anim ins sg;;;/ как он иудаистом / полу... индуистом;м;о;т;с;и;а;“;»”ƒј»—“;S;m anim ins sg
42980;;/;/;PUNCT;;;;;/;;;;;;/;/;/;/
42981;;полу;ѕќЋ;S;m inan dat sg;distinct form;;он иудаистом / полу... индуистом // индуизм;.;.;.;у;л;о;Ћ;ѕќЋ...;S;m inan dat sg
42982;;индуистом;»Ќƒ”»—“;S;m anim ins pl;;;иудаистом / полу... индуистом // индуизм ;м;о;т;с;и;у;“;»Ќƒ”»—“;S;m anim nom pl
42983;;//;//;PUNCT;_;;;/ полу... индуистом // индуизм  соответственно;/;/;;;;;/;//;PUNCT;_
42984;;индуизм;»Ќƒ”»«ћ;S;m inan nom sg;;;полу... индуистом // индуизм  соответственно ;м;з;и;у;д;н;ћ;»Ќƒ”»«ћ;S;m inan acc sg
42985;"<distinct form=""савесна"">";;;;;;;;;;;;;;;;;
42986;;соответственно;—ќќ“¬≈“—“¬≈ЌЌќ;PARENTH; -;;;// индуизм  соответственно  / да;о;н;н;е;в;т;ќ;—ќќ“¬≈“—“¬≈ЌЌќ;CONJ;CONJ
42987;</distinct>;;;;;;;;;;;;;;;;;
42988;;/;/;PUNCT;;;;;/;;;;;;/;/;/;/
42989;;да;ƒј;CONJ;CONJ;;;соответственно  / да / индуистом /;а;д;;;;;ј;ƒј;CONJ;CONJ
42990;;/;/;PUNCT;;;;;/;;;;;;/;/;/;/
42991;;индуистом;»Ќƒ”»—“;S;m anim nom sg;;;/ да / индуистом / чтобы в;м;о;т;с;и;у;“;»Ќƒ”»—“;S;m anim ins sg
42992;;/;/;PUNCT;;;;;/;;;;;;/;/;/;/
42993;;чтобы;„“ќЅџ;CONJ;CONJ;;;/ индуистом / чтобы в следующем жизни;ы;б;о;т;ч;;џ;„“ќЅџ;CONJ;CONJ
42994;;в;¬;PR;PR;;;индуистом / чтобы в следующем жизни стать;в;;;;;;¬;¬;PR;PR
42995;;следующем;—Ћ≈ƒ”ёў»…;A;- loc sg plen m -;;;/ чтобы в следующем жизни стать котом;м;е;щ;ю;у;д;…;—Ћ≈ƒ”ёў»…;A;- loc sg plen m -
42996;;жизни;∆»«Ќ№;S;f inan loc sg;;;чтобы в следующем жизни стать котом /;и;н;з;и;ж;;№;∆»«Ќ№;S;f inan gen sg
42997;;стать;—“ј“№;V;ipf - - inf - -;;;в следующем жизни стать котом / животным;ь;т;а;т;с;;№;—“ј“№;S;f inan acc sg
42998;;котом; ќ“;S;m anim ins sg;;;следующем жизни стать котом / животным ;м;о;т;о;к;;“; ќ“;S;m anim ins sg
42999;;/;/;PUNCT;;;;;/;;;;;;/;/;/;/
43000;;животным;∆»¬ќ“Ќќ≈;S;n anim ins pl;;;стать котом / животным  каким-нибудь ;м;ы;н;т;о;в;≈;∆»¬ќ“Ќќ≈;S;n anim dat pl
43001;"<distinct form=""какимнить"">";;;;;;;;;;;;;;;;;
43002;;каким-нибудь; ј ќ…-Ќ»Ѕ”ƒ№;APRO;m - ins sg ;;;/ животным  каким-нибудь  // эм;ь;д;у;б;и;н;№; ј ќ…-Ќ»Ѕ”ƒ№;A;- ins sg plen m -
43003;</distinct>;;;;;;;;;;;;;;;;;
43004;;//;//;PUNCT;_;;; каким-нибудь  // эм / что;/;/;;;;;/;//;PUNCT;_
43005;;эм;Ёћ;INTJ;INTJ;;;каким-нибудь  // эм / что может;м;э;;;;;ћ;Ёћ;S;n inan nonflex nonflex
43006;;/;/;PUNCT;;;;;/;;;;;;/;/;/;/
43007;;что;„“ќ;CONJ;CONJ;;;// эм / что может быть /;о;т;ч;;;;ќ;„“ќ;CONJ;CONJ
43008;;может;ћќ„№;V;ipf praes sg indic - 3p;;;эм / что может быть / лучше;т;е;ж;о;м;;№;ћќ„№;V;ipf praes sg indic - 3p
43009;;быть;Ѕџ“№;V;ipf - - inf - -;;;/ что может быть / лучше /;ь;т;ы;б;;;№;Ѕџ“№;V;ipf - - inf - -
43010;;/;/;PUNCT;;;;;/;;;;;;/;/;/;/
43011;;лучше;’ќ–ќЎ»…;A;comp - - plen - -;;;может быть / лучше / чем быть;е;ш;ч;у;л;;…;’ќ–ќЎ»…;A;comp - - plen - -
43012;;/;/;PUNCT;;;;;/;;;;;;/;/;/;/
43013;;чем;„≈ћ;CONJ;CONJ;;;/ лучше / чем быть котом ?;м;е;ч;;;;ћ;„≈ћ;CONJ;CONJ
43014;;быть;Ѕџ“№;V;ipf - - inf - -;;;лучше / чем быть котом ? а;ь;т;ы;б;;;№;Ѕџ“№;V;ipf - - inf - -
43015;;котом; ќ“;S;m anim ins sg;;;/ чем быть котом ? а €;м;о;т;о;к;;“; ќ“;S;m anim ins sg
43016;;?;?;PUNCT;;;;чем быть котом ? а € тебе;?;;;;;;?;?;SENT;
43017;;;;;;;;;;;;;;;;;;
43018;"<speech role=""¬р@"" />";;;;;;;;;;;;;;;;;
43019;;а;ј;CONJ;CONJ;;;быть котом ? а € тебе говорю;а;;;;;;ј;ј;CONJ;CONJ
43020;;€;я;SPRO;sg 1p - nom;;;котом ? а € тебе говорю //;€;;;;;;я;я;SPRO;sg 1p - nom
43021;;тебе;“џ;SPRO;sg 2p - dat;;;? а € тебе говорю // вс...;е;б;е;т;;;џ;“џ;SPRO;sg 2p - loc
43022;;говорю;√ќ¬ќ–»“№;V;ipf praes sg indic - 1p;;;а € тебе говорю // вс... у;ю;р;о;в;о;г;№;√ќ¬ќ–»“№;V;ipf praes sg indic - 1p
43023;;//;//;PUNCT;;;;€ тебе говорю // вс... у теб€;/;/;;;;;/;//;PUNCT;
43024;;;;;;;;;;;;;;;;;;
43025;"<speech role=""¬л@"" />";;;;;;;;;;;;;;;;;
43026;;вс;¬—;S;m inan nonflex nonflex;distinct form;;тебе говорю // вс... у теб€ есть;.;.;.;с;в;;—;¬—...;S;m inan nonflex nonflex
43027;;у;”;PR;PR;;;говорю // вс... у теб€ есть чесалка;у;;;;;;”;”;PR;PR
43028;;теб€;“џ;SPRO;sg 2p - acc;;;// вс... у теб€ есть чесалка /;€;б;е;т;;;џ;“џ;SPRO;sg 2p - acc
43029;;есть;Ѕџ“№;V;ipf praes sg indic - 3p;;;вс... у теб€ есть чесалка / когда;ь;т;с;е;;;№;Ѕџ“№;V;ipf praes sg indic - 3p
43030;;чесалка;„≈—јЋ ј;S;f inan nom sg;;;у теб€ есть чесалка / когда ;а;к;л;а;с;е;ј;„≈—јЋ ј;S;f inan nom sg
43031;"<distinct form=""ката"">";;;;;;;;;;;;;;;;;
43032;;/;/;PUNCT;;;;;/;;;;;;/;/;/;
43033;;когда; ќ√ƒј;ADVPRO;-;;;есть чесалка / когда  ты хочешь;а;д;г;о;к;;ј; ќ√ƒј;ADV;-
43034;</distinct>;;;;;;;;;;;;;;;;;
43035;;ты;“џ;SPRO;sg 2p - nom;;;/ когда  ты хочешь почесать себе;ы;т;;;;;џ;“џ;SPRO;sg 2p - nom
43036;;хочешь;’ќ“≈“№;V;ipf praes sg indic - 2p;;;когда  ты хочешь почесать себе брюшко;ь;ш;е;ч;о;х;№;’ќ“≈“№;V;ipf praes sg indic - 2p
43037;;почесать;ѕќ„≈—ј“№;V;pf - - inf - -;;; ты хочешь почесать себе брюшко /;ь;т;а;с;е;ч;№;ѕќ„≈—ј“№;V;pf - - inf - -
43038;;себе;—≈Ѕя;SPRO;- - - loc;;;ты хочешь почесать себе брюшко / у;е;б;е;с;;;я;—≈Ѕя;SPRO;- - - loc
43039;;брюшко;Ѕ–ёЎ ќ;S;n inan acc sg;;;хочешь почесать себе брюшко / у теб€;о;к;ш;ю;р;б;ќ;Ѕ–ёЎ ќ;S;n inan nom sg
43040;;/;/;PUNCT;;;;;/;;;;;;/;/;/;/
43041;"<distinct form=""т€"">";;;;;;;;;;;;;;;;;
43042;;у;”;PR;;;;себе брюшко / у теб€  шерсть;у;;;;;;”;”;PR;
43043;;теб€;“џ;SPRO;sg 2p - acc;;;брюшко / у теб€  шерсть твою;€;б;е;т;;;џ;“џ;SPRO;sg 2p - acc
43044;</distinct>;;;;;;;;;;;;;;;;;
43045;;шерсть;Ў≈–—“№;S;f inan acc sg;;;у теб€  шерсть твою в итоге;ь;т;с;р;е;ш;№;Ў≈–—“№;S;f inan nom sg
43046;;твою;“¬ќ…;APRO;f - acc sg ;;;теб€  шерсть твою в итоге в€жут;ю;о;в;т;;;…;“¬ќ…;A;- acc sg plen f -
43047;;в;¬;PR;PR;;; шерсть твою в итоге в€жут ;в;;;;;;¬;¬;PR;PR
43048;;итоге;»“ќ√;S;m inan loc sg;;;шерсть твою в итоге в€жут  это;е;г;о;т;и;;√;»“ќ√;S;m inan loc sg
43049;;в€жут;¬я«ј“№;V;ipf praes pl indic - 3p;;;твою в итоге в€жут  это ;т;у;ж;€;в;;№;¬я«ј“№;V;ipf praes pl indic - 3p
43050;"<distinct form=""эт"">";;;;;;;;;;;;;;;;;
43051;;это;Ё“ќ;INTJ;INTJ;;;итоге в€жут  это  как шарфик;о;т;э;;;;ќ;Ё“ќ;S;n - acc sg
43052;</distinct>;;;;;;;;;;;;;;;;;
43053;;как; ј ;CONJ;CONJ;;; это  как шарфик / обнимаетс€;к;а;к;;;; ; ј ;CONJ;CONJ
43054;;шарфик;Ўј–‘» ;S;m inan acc sg;;;это  как шарфик / обнимаетс€ //;к;и;ф;р;а;ш; ;Ўј–‘» ;S;m inan nom sg
43055;;/;/;PUNCT;;;;;/;;;;;;/;/;/;/
43056;;обнимаетс€;ќЅЌ»ћј“№—я;V;ipf praes sg indic - 3p;;;как шарфик / обнимаетс€ // ты думаешь;€;с;т;е;а;м;я;ќЅЌ»ћј“№—я;V;ipf praes sg indic - 3p
43057;;//;//;PUNCT;_;;;шарфик / обнимаетс€ // ты думаешь эхе;/;/;;;;;/;//;PUNCT;_
43058;;ты;“џ;SPRO;sg 2p - nom;;;/ обнимаетс€ // ты думаешь эхе //;ы;т;;;;;џ;“џ;SPRO;sg 2p - nom
43059;;думаешь;ƒ”ћј“№;V;ipf praes sg indic - 2p;;;обнимаетс€ // ты думаешь эхе // а;ь;ш;е;а;м;у;№;ƒ”ћј“№;V;ipf praes sg indic - 2p
43060;;эхе;Ё’ќ;INTJ;INTJ;;;// ты думаешь эхе // а потом;е;х;э;;;;ќ;Ё’ќ;S;n inan loc sg
43061;;//;//;PUNCT;_;;;ты думаешь эхе // а потом ааа;/;/;;;;;/;//;PUNCT;_
43062;;а;ј;CONJ;CONJ;;;думаешь эхе // а потом ааа вот;а;;;;;;ј;ј;CONJ;CONJ
43063;;потом;ѕќ“ќћ;ADVPRO;-;;;эхе // а потом ааа вот эта;м;о;т;о;п;;ћ;ѕќ“ќћ;ADV;-
43064;;ааа;јјј;INTJ;INTJ;;;// а потом ааа вот эта игрушечка;а;а;а;;;;ј;јјј;S;m inan nonflex nonflex
43065;;вот;¬ќ“;PART;PART;;;а потом ааа вот эта игрушечка //;т;о;в;;;;“;¬ќ“;PART;PART
43066;;эта;Ё“ќ“;APRO;f - nom sg;;;потом ааа вот эта игрушечка // ты;а;т;э;;;;“;Ё“ќ“;A;- nom sg plen f -
43067;;игрушечка;»√–”Ў≈„ ј;S;f inan nom sg;;;ааа вот эта игрушечка // ты можешь;а;к;ч;е;ш;у;ј;»√–”Ў≈„ ј;S;f inan nom sg
43068;;//;//;PUNCT;_;;;вот эта игрушечка // ты можешь есть;/;/;;;;;/;//;PUNCT;_
43069;;ты;“џ;SPRO;sg 2p - nom;;;эта игрушечка // ты можешь есть мышей;ы;т;;;;;џ;“џ;SPRO;sg 2p - nom
43070;;можешь;ћќ„№;V;ipf praes sg indic - 2p;;;игрушечка // ты можешь есть мышей //;ь;ш;е;ж;о;м;№;ћќ„№;V;ipf praes sg indic - 2p
43071;;есть;≈—“№;V;ipf - - inf - -;;;// ты можешь есть мышей // хищник;ь;т;с;е;;;№;≈—“№;V;ipf - - inf - -
43072;;мышей;ћџЎ№;S;f anim acc pl;;;ты можешь есть мышей // хищник ;й;е;ш;ы;м;;№;ћџЎ№;S;f anim acc pl
43073;;//;//;PUNCT;_;;;можешь есть мышей // хищник  ;/;/;;;;;/;//;PUNCT;_
43074;;хищник;’»ўЌ» ;S;m anim nom sg;;;есть мышей // хищник   что;к;и;н;щ;и;х; ;’»ўЌ» ;S;m anim nom sg
43075;;;;;;;;;;;;;;;;;;
43076;"<speech role=""¬р@"" />";;;;;;;;;;;;;;;;;
43077;;что;„“ќ;CONJ;CONJ;;;хищник   что кот какой-то шокированный;о;т;ч;;;;ќ;„“ќ;CONJ;CONJ
43078;;кот; ќ“;S;m anim nom sg;;;  что кот какой-то шокированный /;т;о;к;;;;“; ќ“;S;m anim nom sg
43079;;какой-то; ј ќ…-“ќ;APRO;m - nom sg;;; что кот какой-то шокированный / происход€щим;о;т;-;й;о;к;ќ; ј ќ…-“ќ;A;- nom sg plen m -
43080;;шокированный;Ўќ »–ќ¬ј“№;PARTCP;pf praet acc sg plen m pass inan;;;что кот какой-то шокированный / происход€щим ;й;ы;н;н;а;в;№;Ўќ »–ќ¬ј“№;PARTCP;pf praet acc sg plen m pass inan
43081;"<class=""note"">смеетс€</span>";;;;;;;;;;;;;;;;;
43082;;/;/;PUNCT;;;;;/;;;;;;/;/;/;
43083;;происход€щим;ѕ–ќ»—’ќƒ»“№;S;inan n sg loc;;;какой-то шокированный / происход€щим   реклама;м;и;щ;€;д;о;№;ѕ–ќ»—’ќƒ»“№;PARTCP;ipf inpraes dat pl plen - act -
43084;;;;;;;;;;;;;;;;;;
43085;"<speech role=""¬л@"" />";;;;;;;;;;;;;;;;;
43086;;реклама;–≈ Ћјћј;S;f inan nom sg;;;происход€щим   реклама даж... даже в;а;м;а;л;к;е;ј;–≈ Ћјћј;S;f inan nom sg
43087;;даж;ƒј∆;S;m inan acc sg;distinct form;;  реклама даж... даже в рекламе;.;.;.;ж;а;д;∆;ƒј∆...;S;m inan acc sg
43088;;даже;ƒј∆≈;CONJ;CONJ;;; реклама даж... даже в рекламе э;е;ж;а;д;;;≈;ƒј∆≈;CONJ;CONJ
43089;;в;¬;PR;PR;;;реклама даж... даже в рекламе э супергаджетов;в;;;;;;¬;¬;PR;PR
43090;;рекламе;–≈ Ћјћј;S;f inan loc sg;;;даж... даже в рекламе э супергаджетов дл€;е;м;а;л;к;е;ј;–≈ Ћјћј;S;f inan loc sg
43091;;э;Ё;INTJ;INTJ;;;даже в рекламе э супергаджетов дл€ котов;э;;;;;;Ё;Ё;S;f inan nonflex nonflex
43092;;супергаджетов;—”ѕ≈–√јƒ∆≈“;S;m inan gen pl;;;в рекламе э супергаджетов дл€ котов реклама;в;о;т;е;ж;д;“;—”ѕ≈–√јƒ∆≈“;S;m inan gen pl
43093;;дл€;ƒЋя;PR;PR;;;рекламе э супергаджетов дл€ котов реклама /;€;л;д;;;;я;ƒЋя;PR;PR
43094;;котов; ќ“;S;m anim gen pl;;;э супергаджетов дл€ котов реклама / э;в;о;т;о;к;;“; ќ“;S;m anim gen pl
43095;;реклама;–≈ Ћјћј;S;f inan nom sg;;;супергаджетов дл€ котов реклама / э дл€;а;м;а;л;к;е;ј;–≈ Ћјћј;S;f inan nom sg
43096;;/;/;PUNCT;;;;;/;;;;;;/;/;/;/
43097;;э;Ё;INTJ;INTJ;;;котов реклама / э дл€ людей он;э;;;;;;Ё;Ё;S;- - nonflex nonflex
43098;;дл€;ƒЋя;PR;PR;;;реклама / э дл€ людей он даже;€;л;д;;;;я;ƒЋя;PR;PR
43099;;людей;„≈Ћќ¬≈ ;S;m anim gen pl;;;/ э дл€ людей он даже здесь;й;е;д;ю;л;; ;„≈Ћќ¬≈ ;S;m anim gen pl
43100;;он;ќЌ;SPRO;sg 3p m nom;;;э дл€ людей он даже здесь умедрилс€;н;о;;;;;Ќ;ќЌ;SPRO;sg 3p m nom
43101;;даже;ƒј∆≈;PART;PART;;;дл€ людей он даже здесь умедрилс€ /;е;ж;а;д;;;≈;ƒј∆≈;PART;PART
43102;;здесь;«ƒ≈—№;ADV;-;;;людей он даже здесь умедрилс€ / что;ь;с;е;д;з;;№;«ƒ≈—№;ADV;-
43103;;умедрилс€;”ћ≈ƒ–»“№—я;V;pf praet sg indic m -;опечатка в расшифровке ;;он даже здесь умедрилс€ / что с;€;с;л;и;р;д;я;”ћ≈ƒ–»“№—я;V;pf praet sg indic m -
43104;;/;/;PUNCT;;;;;/;;;;;;/;/;/;/
43105;;что;„“ќ;CONJ;CONJ;;;здесь умедрилс€ / что с вискасом они;о;т;ч;;;;ќ;„“ќ;CONJ;CONJ
43106;;с;—;PR;PR;;;умедрилс€ / что с вискасом они /;с;;;;;;—;—;PR;PR
43107;;вискасом;¬»— ј—;S;m inan loc sg;;;/ что с вискасом они / разыгрывают;м;о;с;а;к;с;—;¬»— ј—;S;m inan loc sg
43108;;они;ќЌ»;SPRO;pl - - nom;;;что с вискасом они / разыгрывают это;и;н;о;;;;»;ќЌ»;SPRO;pl - - nom
43109;;/;/;PUNCT;;;;;/;;;;;;/;/;/;/
43110;;разыгрывают;–ј«џ√–џ¬ј“№;V;ipf praes pl indic - 3p;;;вискасом они / разыгрывают это // боже;т;ю;а;в;ы;р;№;–ј«џ√–џ¬ј“№;V;ipf praes pl indic - 3p
43111;;это;Ё“ќ;SPRO;n - acc sg;;;они / разыгрывают это // боже мой;о;т;э;;;;ќ;Ё“ќ;S;n - acc sg
43112;"<class=""note"">вздыхает</span>";;;;;;;;;;;;;;;;;
43113;;//;//;PUNCT;;;;/ разыгрывают это // боже мой //;/;/;;;;;/;//;PUNCT;
43114;;боже;Ѕќ∆≈;INTJ;INTJ;;;разыгрывают это // боже мой // реклама;е;ж;о;б;;;≈;Ѕќ∆≈;S;m anim voc sg
43115;;мой;ћќ…;INTJ;INTJ;;;это // боже мой // реклама //;й;о;м;;;;…;ћќ…;A;- nom sg plen m -
43116;;//;//;PUNCT;_;;;// боже мой // реклама // ну;/;/;;;;;/;//;PUNCT;_
43117;;реклама;–≈ Ћјћј;S;f inan nom sg;;;боже мой // реклама // ну что;а;м;а;л;к;е;ј;–≈ Ћјћј;S;f inan nom sg
43118;"<class=""note"">смеетс€</span>";;;;;;;;;;;;;;;;;
43119;;//;//;PUNCT;;;;мой // реклама // ну что это;/;/;;;;;/;//;PUNCT;
43120;;ну;Ќ”;PART;PART;;;// реклама // ну что это такое;у;н;;;;;”;Ќ”;PART;PART
43121;;что;„“ќ;CONJ;CONJ;;;реклама // ну что это такое ?;о;т;ч;;;;ќ;„“ќ;CONJ;CONJ
43122;;это;Ё“ќ;SPRO;n - nom sg;;;// ну что это такое ? ;о;т;э;;;;ќ;Ё“ќ;S;n - nom sg
43123;;такое;“ј ќ…;APRO;n - nom sg;;;ну что это такое ?  /;е;о;к;а;т;;…;“ј ќ…;A;- nom sg plen n -
43124;;?;?;PUNCT;SENT;;;что это такое ?  / здесь;?;;;;;;?;?;SENT;SENT
43125;;;;;;;;;;;;;;;;;;
43126;"<distinct form=""есь"">";;;;;;;;;;;;;;;;;
43127;;/;/;PUNCT;;;;;/;;;;;;/;/;/;
43128;;здесь;«ƒ≈—№;ADV;-;;;?  / здесь  тоннель /;ь;с;е;д;з;;№;«ƒ≈—№;ADV;-
43129;</distinct>;;;;;;;;;;;;;;;;;
43130;;тоннель;“ќЌЌ≈Ћ№;S;m inan acc sg;;;/ здесь  тоннель / специальный /;ь;л;е;н;н;о;№;“ќЌЌ≈Ћ№;S;m inan acc sg
43131;;/;/;PUNCT;;;;;/;;;;;;/;/;/;/
43132;;специальный;—ѕ≈÷»јЋ№Ќџ…;A;- nom sg plen m -;;; тоннель / специальный / дл€ кота;й;ы;н;ь;л;а;…;—ѕ≈÷»јЋ№Ќџ…;A;- nom sg plen m -
43133;;/;/;PUNCT;;;;;/;;;;;;/;/;/;/
43134;;дл€;ƒЋя;PR;PR;;;/ специальный / дл€ кота / и;€;л;д;;;;я;ƒЋя;PR;PR
43135;;кота; ќ“;S;m anim gen sg;;;специальный / дл€ кота / и он;а;т;о;к;;;“; ќ“;S;m anim acc sg
43136;;/;/;PUNCT;;;;;/;;;;;;/;/;/;/
43137;;и;»;CONJ;CONJ;;;дл€ кота / и он угадайте в;и;;;;;;»;»;CONJ;CONJ
43138;;он;ќЌ;SPRO;sg 3p m nom;;;кота / и он угадайте в форме;н;о;;;;;Ќ;ќЌ;SPRO;sg 3p m nom
43139;;угадайте;”√јƒј“№;V;pf - pl imper - 2p;;;/ и он угадайте в форме чего;е;т;й;а;д;а;№;”√јƒј“№;V;pf - pl imper - 2p
43140;;в;¬;PR;PR;;;и он угадайте в форме чего /;в;;;;;;¬;¬;PR;PR
43141;;форме;‘ќ–ћј;S;f inan loc sg;;;он угадайте в форме чего / естественно;е;м;р;о;ф;;ј;‘ќ–ћј;S;f inan loc sg
43142;;чего;„“ќ;SPRO;n - gen sg;;;угадайте в форме чего / естественно ;о;г;е;ч;;;ќ;„“ќ;S;n - gen sg
43143;"<distinct form=""естесна"">";;;;;;;;;;;;;;;;;
43144;;/;/;PUNCT;;;;;/;;;;;;/;/;/;
43145;;естественно;≈—“≈—“¬≈ЌЌќ;ADV;-;;;форме чего / естественно  в форме;о;н;н;е;в;т;ќ;≈—“≈—“¬≈ЌЌќ;ADV;-
43146;</distinct>;;;;;;;;;;;;;;;;;
43147;;в;¬;PR;PR;;;/ естественно  в форме спиннера //;в;;;;;;¬;¬;PR;PR
43148;;форме;‘ќ–ћј;S;f inan loc sg;;;естественно  в форме спиннера // куда;е;м;р;о;ф;;ј;‘ќ–ћј;S;f inan loc sg
43149;;спиннера;—ѕ»ЌЌ≈–;S;m anim gen sg;;; в форме спиннера // куда как бы;а;р;е;н;н;и;–;—ѕ»ЌЌ≈–;S;m anim acc sg
43150;;//;//;PUNCT;_;;;в форме спиннера // куда как бы без;/;/;;;;;/;//;PUNCT;_
43151;;куда; ”ƒј;ADVPRO;-;;;форме спиннера // куда как бы без тоннел€;а;д;у;к;;;ј; ”ƒј;ADV;-
43152;;как бы;как бы;ADV;-;;;спиннера // куда как бы без тоннел€ в;ы;б; ;к;а;к;ы;как бы;ADV;-
43153;;без;Ѕ≈«;PR;PR;;;// куда как бы без тоннел€ в форме;з;е;б;;;;«;Ѕ≈«;PR;PR
43154;;тоннел€;“ќЌЌ≈Ћ№;S;m inan gen sg;;;куда как бы без тоннел€ в форме спиннера;€;л;е;н;н;о;№;“ќЌЌ≈Ћ№;S;m inan gen sg
43155;;в;¬;PR;PR;;;как бы без тоннел€ в форме спиннера ?;в;;;;;;¬;¬;PR;PR
43156;;форме;‘ќ–ћј;S;f inan loc sg;;;без тоннел€ в форме спиннера ? ;е;м;р;о;ф;;ј;‘ќ–ћј;S;f inan loc sg
43157;;спиннера;—ѕ»ЌЌ≈–;S;m anim gen sg;;;тоннел€ в форме спиннера ?  /;а;р;е;н;н;и;–;—ѕ»ЌЌ≈–;S;m anim acc sg
43158;;?;?;PUNCT;SENT;;;в форме спиннера ?  / тренд;?;;;;;;?;?;SENT;SENT
43159;;;;;;;;;;;;;;;;;;
43160;;/;/;PUNCT;;;;;/;;;;;;/;/;/;/
43161;;тренд;“–≈Ќƒ;S;m inan acc sg;;;?  / тренд кошачий // боже;д;н;е;р;т;;ƒ;“–≈Ќƒ;S;m inan acc sg
43162;;кошачий; ќЎј„»…;A; - nom sg plen m inan ;;; / тренд кошачий // боже мой;й;и;ч;а;ш;о;…; ќЎј„»…;A;- acc sg plen m inan
43163;"<class=""note"">смеетс€</span>";;;;;;;;;;;;;;;;;
43164;;//;//;PUNCT;;;;/ тренд кошачий // боже мой /;/;/;;;;;/;//;PUNCT;
43165;;боже;Ѕќ∆≈;INTJ;INTJ;;;тренд кошачий // боже мой / там;е;ж;о;б;;;≈;Ѕќ∆≈;INTJ;INTJ
43166;;мой;ћќ…;INTJ;INTJ;;;кошачий // боже мой / там хом€к;й;о;м;;;;…;ћќ…;A;- nom sg plen m -
43167;;/;/;PUNCT;;;;;/;;;;;;/;/;/;/
43168;;там;“јћ;PART;PART;;;боже мой / там хом€к был //;м;а;т;;;;ћ;“јћ;PART;PART
43169;;хом€к;’ќћя ;S;m anim nom sg;;;мой / там хом€к был // живой;к;€;м;о;х;; ;’ќћя ;S;m anim nom sg
43170;;был;Ѕџ“№;V;ipf praet sg indic m -;;;/ там хом€к был // живой ?;л;ы;б;;;;№;Ѕџ“№;V;ipf praet sg indic m -
43171;;//;//;PUNCT;;;;там хом€к был // живой ? ;/;/;;;;;/;//;PUNCT;
43172;;;;;;;;;;;;;;;;;;
43173;"<speech role=""¬р@"" />";;;;;;;;;;;;;;;;;
43174;;живой;∆»¬ќ…;A; - nom sg plen m -;;;хом€к был // живой ?  /;й;о;в;и;ж;;…;∆»¬ќ…;A;- nom sg plen m -
43175;;?;?;PUNCT;SENT;;;был // живой ?  / ну;?;;;;;;?;?;SENT;SENT
43176;;;;;;;;;;;;;;;;;;
43177;;/;/;PUNCT;;;;;/;;;;;;/;/;/;
43178;;;;;;;;;;;;;;;;;;
43179;"<speech role=""¬л@"" />";;;;;;;;;;;;;;;;;
43180;;ну;Ќ”;PART;PART;;;?  / ну он ко ...;у;н;;;;;”;Ќ”;PART;PART
43181;;он;ќЌ;SPRO;sg 3p m nom;;; / ну он ко ... ;н;о;;;;;Ќ;ќЌ;SPRO;sg 3p m nom
43182;;ко; ќ;PR;PR;;;/ ну он ко ...  /;о;к;;;;;ќ; ќ;PR;PR
43183;;...;...;PUNCT;SENT;;;ну он ко ...  / э;.;.;.;;;;.;...;SENT;SENT
43184;;;;;;;;;;;;;;;;;;
43185;;/;/;PUNCT;;;;;/;;;;;;/;/;/;/
43186;;э;Ё;INTJ;INTJ;;;...  / э / в эту;э;;;;;;Ё;Ё;S;- - nonflex nonflex
43187;;/;/;PUNCT;;;;;/;;;;;;/;/;/;/
43188;;в;¬;PR;PR;;;/ э / в эту норку /;в;;;;;;¬;¬;PR;PR
43189;;эту;Ё“ќ“;APRO;f - acc sg;;;э / в эту норку / там;у;т;э;;;;“;Ё“ќ“;A;- acc sg plen f -
43190;;норку;Ќќ– ј;S;f inan acc sg;;;/ в эту норку / там посто€нно;у;к;р;о;н;;ј;Ќќ– ј;S;f inan acc sg
43191;;/;/;PUNCT;;;;;/;;;;;;/;/;/;/
43192;;там;“јћ;ADVPRO;-;;;эту норку / там посто€нно хом€к по€вл€етс€;м;а;т;;;;ћ;“јћ;ADV;-
43193;;посто€нно;ѕќ—“ќяЌЌќ;ADV;-;;;норку / там посто€нно хом€к по€вл€етс€ /;о;н;н;€;о;т;ќ;ѕќ—“ќяЌЌќ;ADV;-
43194;;хом€к;’ќћя ;S;m anim nom sg;;;/ там посто€нно хом€к по€вл€етс€ / и;к;€;м;о;х;; ;’ќћя ;S;m anim nom sg
43195;;по€вл€етс€;ѕќя¬Ћя“№—я;V;ipf praes sg indic - 3p;;;там посто€нно хом€к по€вл€етс€ / и к...;€;с;т;е;€;л;я;ѕќя¬Ћя“№—я;V;ipf praes sg indic - 3p
43196;;/;/;PUNCT;;;;;/;;;;;;/;/;/;/
43197;;и;»;CONJ;CONJ;;;хом€к по€вл€етс€ / и к... э /;и;;;;;;»;»;CONJ;CONJ
43198;;к; ;PR;PR;;;по€вл€етс€ / и к... э / кот;.;.;.;к;;; ; ...;PR;PR
43199;;э;Ё;INTJ;INTJ;;;/ и к... э / кот на;э;;;;;;Ё;Ё;S;- - nonflex nonflex
43200;;/;/;PUNCT;;;;;/;;;;;;/;/;/;/
43201;;кот; ќ“;S;m anim nom sg;;;к... э / кот на него прыгнул;т;о;к;;;;“; ќ“;S;m anim nom sg
43202;;на;Ќј;PR;PR;;;э / кот на него прыгнул /;а;н;;;;;ј;Ќј;PR;PR
43203;;него;ќЌ;SPRO;sg 3p m acc;;;/ кот на него прыгнул / и;о;г;е;н;;;Ќ;ќЌ;SPRO;sg 3p m acc
43204;;прыгнул;ѕ–џ√Ќ”“№;V;pf praet sg indic m -;;;кот на него прыгнул / и после;л;у;н;г;ы;р;№;ѕ–џ√Ќ”“№;V;pf praet sg indic m -
43205;;/;/;PUNCT;;;;;/;;;;;;/;/;/;/
43206;;и;»;CONJ;CONJ;;;него прыгнул / и после этого кадр;и;;;;;;»;»;CONJ;CONJ
43207;;после;ѕќ—Ћ≈;PR;PR;;;прыгнул / и после этого кадр обрываетс€;е;л;с;о;п;;≈;ѕќ—Ћ≈;PR;PR
43208;;этого;Ё“ќ;SPRO;n - gen sg;;;/ и после этого кадр обрываетс€ и;о;г;о;т;э;;ќ;Ё“ќ;S;n - gen sg
43209;;кадр; јƒ–;S;m inan nom sg;;;и после этого кадр обрываетс€ и начинаетс€;р;д;а;к;;;–; јƒ–;S;m inan nom sg
43210;;обрываетс€;ќЅ–џ¬ј“№—я;V;ipf praes sg indic - 3p;;;после этого кадр обрываетс€ и начинаетс€ следующий;€;с;т;е;а;в;я;ќЅ–џ¬ј“№—я;V;ipf praes sg indic - 3p
43211;;и;»;CONJ;CONJ;;;этого кадр обрываетс€ и начинаетс€ следующий супергаджет;и;;;;;;»;»;CONJ;CONJ
43212;;начинаетс€;Ќј„»Ќј“№—я;V;ipf praes sg indic - 3p;;;кадр обрываетс€ и начинаетс€ следующий супергаджет //;€;с;т;е;а;н;я;Ќј„»Ќј“№—я;V;ipf praes sg indic - 3p
43213;;следующий;—Ћ≈ƒ”ёў»…;A; - nom sg plen m inan;;;обрываетс€ и начинаетс€ следующий супергаджет // св...;й;и;щ;ю;у;д;…;—Ћ≈ƒ”ёў»…;A;- acc sg plen m inan
43214;;супергаджет;—”ѕ≈–√јƒ∆≈“;S;m inan acc sg;;;и начинаетс€ следующий супергаджет // св... но;т;е;ж;д;а;г;“;—”ѕ≈–√јƒ∆≈“;S;m inan acc sg
43215;;//;//;PUNCT;_;;;начинаетс€ следующий супергаджет // св... но больше;/;/;;;;;/;//;PUNCT;_
43216;;св;—¬;S;m inan gen sg;distinct form;;следующий супергаджет // св... но больше здесь;.;.;.;в;с;;¬;—¬...;S;m inan gen sg
43217;;но;Ќќ;CONJ;CONJ;;;супергаджет // св... но больше здесь /;о;н;;;;;ќ;Ќќ;CONJ;CONJ
43218;;больше;ћЌќ√ќ;ADV;comp;;;// св... но больше здесь / к;е;ш;ь;л;о;б;ќ;ћЌќ√ќ;ADV;comp
43219;;здесь;«ƒ≈—№;ADV;-;;;св... но больше здесь / к примеру;ь;с;е;д;з;;№;«ƒ≈—№;ADV;-
43220;;/;/;PUNCT;;;;;/;;;;;;/;/;/;/
43221;;к; ;PR;PR;;;больше здесь / к примеру / хом€к;к;;;;;; ; ;PR;PR
43222;;примеру;ѕ–»ћ≈–;S;m inan dat sg;;;здесь / к примеру / хом€к больше;у;р;е;м;и;р;–;ѕ–»ћ≈–;S;m inan dat sg
43223;;/;/;PUNCT;;;;;/;;;;;;/;/;/;/
43224;;хом€к;’ќћя ;S;m inan gen sg;;;к примеру / хом€к больше не по€витс€;к;€;м;о;х;; ;’ќћя ;S;m inan gen sg
43225;;больше;ЅќЋ№Ў≈;ADV;-;;;примеру / хом€к больше не по€витс€ //;е;ш;ь;л;о;б;≈;ЅќЋ№Ў≈;ADV;-
43226;;не;Ќ≈;PART;PART;;;/ хом€к больше не по€витс€ // такое;е;н;;;;;≈;Ќ≈;PART;PART
43227;;по€витс€;ѕќя¬»“№—я;V;pf fut sg indic - 3p;;;хом€к больше не по€витс€ // такое //;€;с;т;и;в;€;я;ѕќя¬»“№—я;V;pf fut sg indic - 3p
43228;;//;//;PUNCT;_;;;больше не по€витс€ // такое // ну;/;/;;;;;/;//;PUNCT;_
43229;;такое;“ј ќ…;APRO;n - nom sg;;;не по€витс€ // такое // ну есть;е;о;к;а;т;;…;“ј ќ…;A;- nom sg plen n -
43230;;//;//;PUNCT;;;;по€витс€ // такое // ну есть же;/;/;;;;;/;//;PUNCT;
43231;;;;;;;;;;;;;;;;;;
43232;"<speech role=""¬р@"" />";;;;;;;;;;;;;;;;;
43233;;ну;Ќ”;PART;PART;;;// такое // ну есть же типо;у;н;;;;;”;Ќ”;PART;PART
43234;;есть;Ѕџ“№;V;ipf praes sg indic - 3p;;;такое // ну есть же типо ;ь;т;с;е;;;№;Ѕџ“№;V;ipf praes sg indic - 3p
43235;"<distinct form=""тип"">";;;;;;;;;;;;;;;;;
43236;;же;∆≈;PART;PART;;;// ну есть же типо  кормовые;е;ж;;;;;≈;∆≈;PART;
43237;;типо;“»ѕќ;PR;PR;;;ну есть же типо  кормовые мыши;о;п;и;т;;;ќ;“»ѕќ;S;m anim nonflex nonflex
43238;</distinct>;;;;;;;;;;;;;;;;;
43239;;кормовые; ќ–ћќ¬ќ…;A; - nom pl plen - anim;;;же типо  кормовые мыши // все;е;ы;в;о;м;р;…; ќ–ћќ¬ќ…;A;- acc pl plen - inan
43240;;мыши;ћџЎ№;S;f anim nom pl;;;типо  кормовые мыши // все дела;и;ш;ы;м;;;№;ћџЎ№;S;f anim nom pl
43241;;//;//;PUNCT;_;;; кормовые мыши // все дела //;/;/;;;;;/;//;PUNCT;_
43242;;все;¬—≈;ADV;-;;;кормовые мыши // все дела // о;е;с;в;;;;≈;¬—≈;ADV;-
43243;;дела;ƒ≈Ћќ;S;n inan nom pl;;;мыши // все дела // о /;а;л;е;д;;;ќ;ƒ≈Ћќ;S;n inan nom pl
43244;;//;//;PUNCT;;;;// все дела // о / здесь;/;/;;;;;/;//;PUNCT;
43245;;;;;;;;;;;;;;;;;;
43246;"<speech role=""¬л@"" />";;;;;;;;;;;;;;;;;
43247;;о;ќ;INTJ;INTJ;;;все дела // о / здесь ;о;;;;;;ќ;ќ;INTJ;INTJ
43248;;/;/;PUNCT;;;;;/;;;;;;/;/;/;
43249;"<distinct form=""есь"">";;;;;;;;;;;;;;;;;
43250;;здесь;«ƒ≈—№;ADV;-;;;// о / здесь  этот кот;ь;с;е;д;з;;№;«ƒ≈—№;ADV;-
43251;</distinct>;;;;;;;;;;;;;;;;;
43252;;этот;Ё“ќ“;APRO;m - nom sg ;;;/ здесь  этот кот его /;т;о;т;э;;;“;Ё“ќ“;A;- nom sg plen m -
43253;;кот; ќ“;S;m anim nom sg;;;здесь  этот кот его / любимый;т;о;к;;;;“; ќ“;S;m anim nom sg
43254;;его;ќЌ;SPRO;sg 3p m acc;;; этот кот его / любимый /;о;г;е;;;;Ќ;ќЌ;SPRO;sg 3p m acc
43255;;/;/;PUNCT;;;;;/;;;;;;/;/;/;/
43256;;любимый;ЋёЅ»ћџ…;A; - nom sg plen m inan ;;;кот его / любимый / € не;й;ы;м;и;б;ю;…;ЋёЅ»ћџ…;S;m anim nom sg
43257;;/;/;PUNCT;;;;;/;;;;;;/;/;/;/
43258;;€;я;SPRO;sg 1p - nom;;;/ любимый / € не помню /;€;;;;;;я;я;SPRO;sg 1p - nom
43259;;не;Ќ≈;PART;PART;;;любимый / € не помню / как;е;н;;;;;≈;Ќ≈;PART;PART
43260;;помню;ѕќћЌ»“№;V;ipf praes sg indic - 1p;;;/ € не помню / как его;ю;н;м;о;п;;№;ѕќћЌ»“№;V;ipf praes sg indic - 1p
43261;;/;/;PUNCT;;;;;/;;;;;;/;/;/;/
43262;;как; ј ;CONJ;CONJ;;;не помню / как его зовут //;к;а;к;;;; ; ј ;CONJ;CONJ
43263;;его;ќЌ;SPRO;sg 3p m acc;;;помню / как его зовут // там;о;г;е;;;;Ќ;ќЌ;SPRO;sg 3p m acc
43264;;зовут;«¬ј“№;V;ipf praes pl indic - 3p;;;/ как его зовут // там где-то;т;у;в;о;з;;№;«¬ј“№;V;ipf praes pl indic - 3p
43265;;//;//;PUNCT;_;;;как его зовут // там где-то в;/;/;;;;;/;//;PUNCT;_
43266;;там;“јћ;ADVPRO;-;;;его зовут // там где-то в названии;м;а;т;;;;ћ;“јћ;ADV;-
43267;;где-то;√ƒ≈-“ќ;ADVPRO;-;;;зовут // там где-то в названии должно;о;т;-;е;д;г;ќ;√ƒ≈-“ќ;ADV;-
43268;;в;¬;PR;PR;;;// там где-то в названии должно быть;в;;;;;;¬;¬;PR;PR
43269;;названии;Ќј«¬јЌ»≈;S;n inan loc sg;;;там где-то в названии должно быть //;и;и;н;а;в;з;≈;Ќј«¬јЌ»≈;S;n inan loc sg
43270;;должно;ƒќЋ∆≈Ќ;A;brev n sg;;;где-то в названии должно быть // так;о;н;ж;л;о;д;Ќ;ƒќЋ∆Ќќ;ADV;-
43271;;быть;Ѕџ“№;V;ipf - - inf - -;;;в названии должно быть // так -;ь;т;ы;б;;;№;Ѕџ“№;V;ipf - - inf - -
43272;;//;//;PUNCT;_;;;названии должно быть // так - так;/;/;;;;;/;//;PUNCT;_
43273;;так;“ј ;ADV;-;;;должно быть // так - так -;к;а;т;;;; ;“ј ;ADV;-
43274;;-;-;PUNCT;;;;;-;;;;;;-;-;-;-
43275;;так;“ј ;ADV;-;;;// так - так - так -;к;а;т;;;; ;“ј ;ADV;-
43276;;-;-;PUNCT;;;;;-;;;;;;-;-;-;-
43277;;так;“ј ;ADV;-;;;- так - так - так -;к;а;т;;;; ;“ј ;ADV;-
43278;;-;-;PUNCT;;;;;-;;;;;;-;-;-;-
43279;;так;“ј ;ADV;-;;;- так - так - так -;к;а;т;;;; ;“ј ;ADV;-
43280;;-;-;PUNCT;;;;;-;;;;;;-;-;-;-
43281;;так;“ј ;ADV;-;;;- так - так - так -;к;а;т;;;; ;“ј ;ADV;-
43282;;-;-;PUNCT;;;;;-;;;;;;-;-;-;-
43283;;так;“ј ;ADV;-;;;- так - так - так //;к;а;т;;;; ;“ј ;ADV;-
43284;;-;-;PUNCT;;;;;-;;;;;;-;-;-;-
43285;;так;“ј ;ADV;-;;;- так - так //  уки //;к;а;т;;;; ;“ј ;ADV;-
43286;;//;//;PUNCT;_;;;так - так //  уки //  уки;/;/;;;;;/;//;PUNCT;_
43287;; уки; ” »;S;m zoon anim nom sg;;;- так //  уки //  уки кота;и;к;у; ;;;»; ” ;S;f anim nom sg
43288;;//;//;PUNCT;_;;;так //  уки //  уки кота зовут;/;/;;;;;/;//;PUNCT;_
43289;; уки; ” »;S;m zoon anim nom sg;;;//  уки //  уки кота зовут /;и;к;у; ;;;»; ” ;S;f anim nom sg
43290;;кота; ќ“;S;m anim gen sg;;; уки //  уки кота зовут / здесь;а;т;о;к;;;“; ќ“;S;m anim gen sg
43291;;зовут;«¬ј“№;V;ipf praes pl indic - 3p;;;//  уки кота зовут / здесь видеокадр;т;у;в;о;з;;№;«¬ј“№;V;ipf praes pl indic - 3p
43292;;/;/;PUNCT;;;;;/;;;;;;/;/;/;/
43293;;здесь;«ƒ≈—№;ADV;-;;;кота зовут / здесь видеокадр / как;ь;с;е;д;з;;№;«ƒ≈—№;ADV;-
43294;;видеокадр;¬»ƒ≈ќ јƒ–;S;m inan nom sg;;;зовут / здесь видеокадр / как он;р;д;а;к;о;е;–;¬»ƒ≈ќ јƒ–;S;m inan acc sg
43295;;/;/;PUNCT;;;;;/;;;;;;/;/;/;/
43296;;как; ј ;CONJ;CONJ;;;здесь видеокадр / как он маленький /;к;а;к;;;; ; ј ;CONJ;CONJ
43297;;он;ќЌ;SPRO;sg 3p m nom;;;видеокадр / как он маленький / был;н;о;;;;;Ќ;ќЌ;SPRO;sg 3p m nom
43298;;маленький;ћјЋ≈Ќ№ »…;A;- nom sg plen m -;;;/ как он маленький / был еще;й;и;к;ь;н;е;…;ћјЋ≈Ќ№ »…;A;- nom sg plen m -
43299;;/;/;PUNCT;;;;;/;;;;;;/;/;/;/
43300;;был;Ѕџ“№;V;ipf praet sg indic m -;;;он маленький / был еще // забавно;л;ы;б;;;;№;Ѕџ“№;V;ipf praet sg indic m -
43301;;еще;≈ў≈;ADV;-;;;маленький / был еще // забавно /;е;щ;е;;;;≈;≈ў≈;ADV;-
43302;;//;//;PUNCT;_;;;/ был еще // забавно / что;/;/;;;;;/;//;PUNCT;_
43303;;забавно;«јЅј¬Ќќ;ADV;-;;;был еще // забавно / что он;о;н;в;а;б;а;ќ;«јЅј¬Ќќ;ADV;-
43304;;/;/;PUNCT;;;;;/;;;;;;/;/;/;/
43305;;что;„“ќ;CONJ;CONJ;;;// забавно / что он хранит это;о;т;ч;;;;ќ;„“ќ;CONJ;CONJ
43306;;он;ќЌ;SPRO;sg 3p m nom;;;забавно / что он хранит это //;н;о;;;;;Ќ;ќЌ;SPRO;sg 3p m nom
43307;;хранит;’–јЌ»“№;V;ipf praes sg indic - 3p;;;/ что он хранит это // он;т;и;н;а;р;х;№;’–јЌ»“№;V;ipf praes sg indic - 3p
43308;;это;Ё“ќ“;APRO;n - acc sg ;;;что он хранит это // он к;о;т;э;;;;“;Ё“ќ“;A;- acc sg plen n -
43309;"<class=""note"">смеетс€</span>";;;;;;;;;;;;;;;;;
43310;;//;//;PUNCT;;;;он хранит это // он к нему;/;/;;;;;/;//;PUNCT;
43311;;он;ќЌ;SPRO;sg 3p m nom;;;хранит это // он к нему этот;н;о;;;;;Ќ;ќЌ;SPRO;sg 3p m nom
43312;;к; ;PR;PR;;;это // он к нему этот //;к;;;;;; ; ;PR;PR
43313;;нему;ќЌ;SPRO;sg 3p m dat;;;// он к нему этот // прикрепил;у;м;е;н;;;Ќ;ќЌ;SPRO;sg 3p m dat
43314;;этот;Ё“ќ“;APRO;m - acc sg ;;;он к нему этот // прикрепил вот;т;о;т;э;;;“;Ё“ќ“;A;- acc sg plen m inan
43315;;//;//;PUNCT;_;;;к нему этот // прикрепил вот такой;/;/;;;;;/;//;PUNCT;_
43316;;прикрепил;ѕ–» –≈ѕ»“№;V;pf praet sg indic m -;;;нему этот // прикрепил вот такой /;л;и;п;е;р;к;№;ѕ–» –≈ѕ»“№;V;pf praet sg indic m -
43317;;вот;¬ќ“;PART;PART;;;этот // прикрепил вот такой / огромную;т;о;в;;;;“;¬ќ“;PART;PART
43318;;такой;“ј ќ…;APRO;m - nom sg ;;;// прикрепил вот такой / огромную байду;й;о;к;а;т;;…;“ј ќ…;A;- nom sg plen m -
43319;;/;/;PUNCT;;;;;/;;;;;;/;/;/;/
43320;;огромную;ќ√–ќћЌџ…;A;- acc sg plen f -;;;вот такой / огромную байду / э;ю;у;н;м;о;р;…;ќ√–ќћЌџ…;A;- acc sg plen f -
43321;;байду;Ѕј…ƒј;S;f inan acc sg;;;такой / огромную байду / э /;у;д;й;а;б;;ј;Ѕј…ƒј;S;f inan acc sg
43322;;/;/;PUNCT;;;;;/;;;;;;/;/;/;/
43323;;э;Ё;INTJ;INTJ;;;огромную байду / э / к шее;э;;;;;;Ё;Ё;S;- - nonflex nonflex
43324;;/;/;PUNCT;;;;;/;;;;;;/;/;/;/
43325;;к; ;PR;PR;;;/ э / к шее кота /;к;;;;;; ; ;PR;PR
43326;;шее;Ў≈я;S;f inan loc sg;;;э / к шее кота / и;е;е;ш;;;;я;Ў≈я;S;f inan loc sg
43327;;кота; ќ“;S;m anim gen sg;;;/ к шее кота / и типа;а;т;о;к;;;“; ќ“;S;m anim gen sg
43328;;/;/;PUNCT;;;;;/;;;;;;/;/;/;/
43329;;и;»;CONJ;CONJ;;;шее кота / и типа как у;и;;;;;;»;»;CONJ;CONJ
43330;;типа;“»ѕ;S;m inan gen sg;;;кота / и типа как у у;а;п;и;т;;;ѕ;“»ѕ;S;m inan gen sg
43331;;как; ј ;CONJ;CONJ;;;/ и типа как у у зэков;к;а;к;;;; ; ј ;CONJ;CONJ
43332;;у;”;PR;PR;;;и типа как у у зэков /;у;;;;;;”;”;PR;PR
43333;;у;”;PR;PR;;;типа как у у зэков / которые;у;;;;;;”;”;PR;PR
43334;;зэков;«Ё ;S;m anim gen pl;;;как у у зэков / которые на;в;о;к;э;з;; ;«Ё ;S;m anim gen pl
43335;;/;/;PUNCT;;;;;/;;;;;;/;/;/;/
43336;;которые; ќ“ќ–џ…;A; - - nom pl ;;;у зэков / которые на домашнем аресте;е;ы;р;о;т;о;…; ќ“ќ–џ…;A;- nom pl plen - -
43337;;на;Ќј;PR;PR;;;зэков / которые на домашнем аресте наход€тс€;а;н;;;;;ј;Ќј;PR;PR
43338;;домашнем;ƒќћјЎЌ»…;A;- loc sg plen m -;;;/ которые на домашнем аресте наход€тс€ /;м;е;н;ш;а;м;…;ƒќћјЎЌ»…;A;- loc sg plen m -
43339;;аресте;ј–≈—“;S;m inan loc sg;;;которые на домашнем аресте наход€тс€ / у;е;т;с;е;р;а;“;ј–≈—“;S;m inan loc sg
43340;;наход€тс€;Ќј’ќƒ»“№—я;V;ipf praes pl indic - 3p;;;на домашнем аресте наход€тс€ / у них;€;с;т;€;д;о;я;Ќј’ќƒ»“№—я;V;ipf praes pl indic - 3p
43341;;/;/;PUNCT;;;;;/;;;;;;/;/;/;/
43342;;у;”;PR;PR;;;аресте наход€тс€ / у них к ноге;у;;;;;;”;”;PR;PR
43343;;них;ќЌ»;SPRO;pl - - loc;;;наход€тс€ / у них к ноге крепетс€;х;и;н;;;;»;ќЌ»;SPRO;pl - - loc
43344;;к; ;PR;PR;;;/ у них к ноге крепетс€ /;к;;;;;; ; ;PR;PR
43345;;ноге;Ќќ√ј;S;f inan loc sg;;;у них к ноге крепетс€ / чтобы;е;г;о;н;;;ј;Ќќ√ј;S;f inan loc sg
43346;;крепитс€; –≈ѕ»“№—я;V;ipf praes sg indic - 3p;;;них к ноге крепетс€ / чтобы если;€;с;т;е;п;е;я; –≈ѕ≈“—я;ADV;-
43347;;/;/;PUNCT;;;;;/;;;;;;/;/;/;/
43348;;чтобы;„“ќЅџ;CONJ;CONJ;;;ноге крепетс€ / чтобы если что их;ы;б;о;т;ч;;џ;„“ќЅџ;CONJ;CONJ
43349;;если;≈—Ћ»;CONJ;CONJ;;;крепетс€ / чтобы если что их найти;и;л;с;е;;;»;≈—Ћ»;CONJ;CONJ
43350;;что;„“ќ;CONJ;CONJ;;;/ чтобы если что их найти //;о;т;ч;;;;ќ;„“ќ;CONJ;CONJ
43351;;их;ќЌ»;SPRO;pl - - acc;;;чтобы если что их найти // так же;х;и;;;;;»;ќЌ»;SPRO;pl - - acc
43352;;найти;Ќј…“»;V;pf - - inf - -;;;если что их найти // так же вот;и;т;й;а;н;;»;Ќј…“»;V;pf - - inf - -
43353;;//;//;PUNCT;_;;;что их найти // так же вот и;/;/;;;;;/;//;PUNCT;_
43354;;так же;так же;ADV;-;;;их найти // так же вот и у;е;ж; ;к;а;т;е;так же;ADV;-
43355;;вот;¬ќ“;PART;PART;;;найти // так же вот и у кота;т;о;в;;;;“;¬ќ“;PART;PART
43356;;и;»;CONJ;CONJ;;;// так же вот и у кота он;и;;;;;;»;»;CONJ;CONJ
43357;;у;”;PR;PR;;;так же вот и у кота он прикрепил;у;;;;;;”;”;PR;PR
43358;;кота; ќ“;S;m anim dat sg;;;вот и у кота он прикрепил //;а;т;о;к;;;“; ќ“;S;m anim acc sg
43359;;он;ќЌ;SPRO;sg 3p m nom;;;и у кота он прикрепил // просто;н;о;;;;;Ќ;ќЌ;SPRO;sg 3p m nom
43360;;прикрепил;ѕ–» –≈ѕ»“№;V;pf praet sg indic m -;;;у кота он прикрепил // просто тупо;л;и;п;е;р;к;№;ѕ–» –≈ѕ»“№;V;pf praet sg indic m -
43361;;//;//;PUNCT;_;;;кота он прикрепил // просто тупо следи;/;/;;;;;/;//;PUNCT;_
43362;;просто;ѕ–ќ—“ќ;PART;PART;;;он прикрепил // просто тупо следи за;о;т;с;о;р;п;ќ;ѕ–ќ—“ќ;PART;PART
43363;;тупо;“”ѕќ;ADV;-;;;прикрепил // просто тупо следи за своим;о;п;у;т;;;ќ;“”ѕќ;ADV;-
43364;;следи;—Ћ≈ƒ»“№;V;ipf - sg imper - 2p;;;// просто тупо следи за своим животным;и;д;е;л;с;;№;—Ћ≈ƒ»“№;V;ipf - sg imper - 2p
43365;;за;«ј;PR;PR;;;просто тупо следи за своим животным /;а;з;;;;;ј;«ј;PR;PR
43366;;своим;—¬ќ…;APRO;m - ins sg ;;;тупо следи за своим животным / зачем;м;и;о;в;с;;…;—¬ќ…;A;- ins sg plen m -
43367;;животным;∆»¬ќ“Ќќ≈;S;n anim ins pl;;;следи за своим животным / зачем этот;м;ы;н;т;о;в;≈;∆»¬ќ“Ќќ≈;S;n anim dat pl
43368;;/;/;PUNCT;;;;;/;;;;;;/;/;/;/
43369;;зачем;«ј„≈ћ;ADV;-;;;своим животным / зачем этот / штуку;м;е;ч;а;з;;ћ;«ј„≈ћ;ADV;-
43370;;этот;Ё“ќ“;APRO;m - acc sg ;;;животным / зачем этот / штуку //;т;о;т;э;;;“;Ё“ќ“;A;- nom sg plen m -
43371;;/;/;PUNCT;;;;;/;;;;;;/;/;/;/
43372;;штуку;Ў“” ј;S;f inan acc sg;;;зачем этот / штуку // кота из-за;у;к;у;т;ш;;ј;Ў“” ј;S;f inan acc sg
43373;;//;//;PUNCT;_;;;этот / штуку // кота из-за этого;/;/;;;;;/;//;PUNCT;_
43374;;кота; ќ“;S;m anim acc sg;;;/ штуку // кота из-за этого украдут;а;т;о;к;;;“; ќ“;S;m anim gen sg
43375;;из-за;»«-«ј;PR;PR;;;штуку // кота из-за этого украдут тупо;а;з;-;з;и;;ј;»«-«ј;PR;PR
43376;;этого;Ё“ќ;SPRO;n - gen sg;;;// кота из-за этого украдут тупо чтобы;о;г;о;т;э;;ќ;Ё“ќ;S;n - gen sg
43377;;украдут;” –ј—“№;V;pf fut pl indic - 3p;;;кота из-за этого украдут тупо чтобы э;т;у;д;а;р;к;№;” –ј—“№;V;pf fut pl indic - 3p
43378;;тупо;“”ѕќ;ADV;-;;;из-за этого украдут тупо чтобы э такой;о;п;у;т;;;ќ;“”ѕќ;ADV;-
43379;;чтобы;„“ќЅџ;CONJ;CONJ;;;этого украдут тупо чтобы э такой же;ы;б;о;т;ч;;џ;„“ќЅџ;CONJ;CONJ
43380;;э;Ё;INTJ;INTJ;;;украдут тупо чтобы э такой же трекер;э;;;;;;Ё;Ё;S;f inan nonflex nonflex
43381;;такой;“ј ќ…;APRO;m - nom sg ;;;тупо чтобы э такой же трекер вз€ть;й;о;к;а;т;;…;“ј ќ…;A;- nom sg plen m -
43382;;же;∆≈;PART;PART;;;чтобы э такой же трекер вз€ть себе;е;ж;;;;;≈;∆≈;CONJ;CONJ
43383;;трекер;“–≈ ≈–;S;m inan acc sg;;;э такой же трекер вз€ть себе //;р;е;к;е;р;т;–;“–≈ ≈–;S;m inan acc sg
43384;;вз€ть;¬«я“№;V;pf - - inf - -;;;такой же трекер вз€ть себе // м;ь;т;€;з;в;;№;¬«я“№;V;pf - - inf - -
43385;;себе;—≈Ѕя;SPRO;- - - loc;;;же трекер вз€ть себе // м /;е;б;е;с;;;я;—≈Ѕя;SPRO;- - - loc
43386;;//;//;PUNCT;_;;;трекер вз€ть себе // м / хом€к;/;/;;;;;/;//;PUNCT;_
43387;;м;ћ;INTJ;INTJ;;;вз€ть себе // м / хом€к все-таки;м;;;;;;ћ;ћ;S;- - nonflex nonflex
43388;;/;/;PUNCT;;;;;/;;;;;;/;/;/;/
43389;;хом€к;’ќћя ;S;m anim nom sg;;;// м / хом€к все-таки по€вилс€ /;к;€;м;о;х;; ;’ќћя ;S;m anim nom sg
43390;;все-таки;¬—≈-“ј »;PART;PART;;;м / хом€к все-таки по€вилс€ / он;и;к;а;т;-;е;»;¬—≈-“ј »;PART;PART
43391;;по€вилс€;ѕќя¬»“№—я;V;pf praet sg indic m -;;;/ хом€к все-таки по€вилс€ / он живой;€;с;л;и;в;€;я;ѕќя¬»“№—я;V;pf praet sg indic m -
43392;;/;/;PUNCT;;;;;/;;;;;;/;/;/;/
43393;;он;ќЌ;SPRO;sg 3p m nom;;;все-таки по€вилс€ / он живой / €;н;о;;;;;Ќ;ќЌ;SPRO;sg 3p m nom
43394;;живой;∆»¬ќ…;A;- nom sg plen m -;;;по€вилс€ / он живой / € рад;й;о;в;и;ж;;…;∆»¬ќ…;A;- nom sg plen m -
43395;;/;/;PUNCT;;;;;/;;;;;;/;/;/;/
43396;;€;я;SPRO;sg 1p - nom;;;он живой / € рад // теперь;€;;;;;;я;я;SPRO;sg 1p - nom
43397;;рад;–јƒ;A;- - sg brev m -;;;живой / € рад // теперь ;д;а;р;;;;ƒ;–јƒ;A;- - sg brev m -
43398;;//;//;PUNCT;_;;;/ € рад // теперь  только;/;/;;;;;/;//;PUNCT;_
43399;;теперь;“≈ѕ≈–№;ADV;-;;;€ рад // теперь  только ;ь;р;е;п;е;т;№;“≈ѕ≈–№;ADV;-
43400;"<distinct form=""тока"">";;;;;;;;;;;;;;;;;
43401;;только;“ќЋ№ ќ;PART;PART;;;// теперь  только  он правда;о;к;ь;л;о;т;ќ;“ќЋ№ ќ;PART;PART
43402;</distinct>;;;;;;;;;;;;;;;;;
43403;;он;ќЌ;SPRO;sg 3p m nom;;; только  он правда в это;н;о;;;;;Ќ;ќЌ;SPRO;sg 3p m nom
43404;;правда;ѕ–ј¬ƒј;ADV;-;;;только  он правда в это /;а;д;в;а;р;п;ј;ѕ–ј¬ƒј;ADV;-
43405;;в;¬;PR;PR;;; он правда в это / в;в;;;;;;¬;¬;PR;PR
43406;;это;Ё“ќ;SPRO;n - acc sg;;;он правда в это / в этом;о;т;э;;;;ќ;Ё“ќ;S;n - acc sg
43407;;/;/;PUNCT;;;;;/;;;;;;/;/;/;/
43408;;в;¬;PR;PR;;;в это / в этом стекл€нном шаре;в;;;;;;¬;¬;PR;PR
43409;;этом;Ё“ќ“;APRO;m - loc sg ;;;это / в этом стекл€нном шаре дл€;м;о;т;э;;;“;Ё“ќ“;A;- loc sg plen m -
43410;;стекл€нном;—“≈ ЋяЌЌџ…;A;- loc sg plen m -;;;/ в этом стекл€нном шаре дл€ хом€ков;м;о;н;н;€;л;…;—“≈ ЋяЌЌџ…;A;- loc sg plen m -
43411;;шаре;Ўј–;S;m inan loc sg;;;в этом стекл€нном шаре дл€ хом€ков /;е;р;а;ш;;;–;Ўј–;S;m inan loc sg
43412;;дл€;ƒЋя;PR;PR;;;этом стекл€нном шаре дл€ хом€ков / чтобы;€;л;д;;;;я;ƒЋя;PR;PR
43413;;хом€ков;’ќћя ;S;m anim gen pl;;;стекл€нном шаре дл€ хом€ков / чтобы /;в;о;к;€;м;о; ;’ќћя ќ¬;S;m anim nom sg
43414;;/;/;PUNCT;;;;;/;;;;;;/;/;/;/
43415;;чтобы;„“ќЅџ;CONJ;CONJ;;;дл€ хом€ков / чтобы / либо это;ы;б;о;т;ч;;џ;„“ќЅџ;CONJ;CONJ
43416;;/;/;PUNCT;;;;;/;;;;;;/;/;/;/
43417;;либо;Ћ»Ѕќ;CONJ;CONJ;;;/ чтобы / либо это новый //;о;б;и;л;;;ќ;Ћ»Ѕќ;CONJ;CONJ
43418;;это;Ё“ќ;SPRO;n - nom sg;;;чтобы / либо это новый // на;о;т;э;;;;ќ;Ё“ќ;S;n - nom sg
43419;;новый;Ќќ¬џ…;A;- nom sg plen m -;;;/ либо это новый // на этот;й;ы;в;о;н;;…;Ќќ¬џ…;A;- nom sg plen m -
43420;;//;//;PUNCT;_;;;либо это новый // на этот раз;/;/;;;;;/;//;PUNCT;_
43421;;на;Ќј;PR;PR;;;это новый // на этот раз просто;а;н;;;;;ј;Ќј;PR;PR
43422;;этот;Ё“ќ“;APRO;m inan acc sg ;;;новый // на этот раз просто предусмотрели;т;о;т;э;;;“;Ё“ќ“;A;- acc sg plen m inan
43423;;раз;–ј«;S;m inan acc sg;;;// на этот раз просто предусмотрели /;з;а;р;;;;«;–ј«;S;m inan acc sg
43424;;просто;ѕ–ќ—“ќ;PART;PART;;;на этот раз просто предусмотрели / чтобы;о;т;с;о;р;п;ќ;ѕ–ќ—“ќ;PART;PART
43425;;предусмотрели;ѕ–≈ƒ”—ћќ“–≈“№;V;pf praet pl indic - -;;;этот раз просто предусмотрели / чтобы хом€к;и;л;е;р;т;о;№;ѕ–≈ƒ”—ћќ“–≈“№;V;pf praet pl indic - -
43426;;/;/;PUNCT;;;;;/;;;;;;/;/;/;/
43427;;чтобы;„“ќЅџ;CONJ;CONJ;;;просто предусмотрели / чтобы хом€к дольше прожил;ы;б;о;т;ч;;џ;„“ќЅџ;CONJ;CONJ
43428;;хом€к;’ќћя ;S;m anim nom sg;;;предусмотрели / чтобы хом€к дольше прожил //;к;€;м;о;х;; ;’ќћя ;S;m anim nom sg
43429;;дольше;ƒќЋ√ќ;ADV;comp;;;/ чтобы хом€к дольше прожил // не;е;ш;ь;л;о;д;ќ;ƒќЋ√ќ;ADV;comp
43430;;прожил;ѕ–ќ∆»“№;V;pf praet sg indic m -;;;чтобы хом€к дольше прожил // не знаю;л;и;ж;о;р;п;№;ѕ–ќ∆»“№;V;pf praet sg indic m -
43431;;//;//;PUNCT;_;;;хом€к дольше прожил // не знаю //;/;/;;;;;/;//;PUNCT;_
43432;;не;Ќ≈;PART;PART;;;дольше прожил // не знаю // €;е;н;;;;;≈;Ќ≈;PART;PART
43433;;знаю;«Ќј“№;V;ipf praes sg indic - 1p;;;прожил // не знаю // € не;ю;а;н;з;;;№;«Ќј“№;V;ipf praes sg indic - 1p
43434;;//;//;PUNCT;_;;;// не знаю // € не понимаю;/;/;;;;;/;//;PUNCT;_
43435;;€;я;SPRO;sg 1p - nom;;;не знаю // € не понимаю /;€;;;;;;я;я;SPRO;sg 1p - nom
43436;;не;Ќ≈;PART;PART;;;знаю // € не понимаю / здесь;е;н;;;;;≈;Ќ≈;PART;PART
43437;;понимаю;ѕќЌ»ћј“№;V;ipf praes sg indic - 1p;;;// € не понимаю / здесь какие-то;ю;а;м;и;н;о;№;ѕќЌ»ћј“№;V;ipf praes sg indic - 1p
43438;;/;/;PUNCT;;;;;/;;;;;;/;/;/;/
43439;;здесь;«ƒ≈—№;ADV;-;;;не понимаю / здесь какие-то бесполезные вещи;ь;с;е;д;з;;№;«ƒ≈—№;ADV;-
43440;;какие-то; ј ќ…-“ќ;APRO; - - nom pl plen;;;понимаю / здесь какие-то бесполезные вещи на...;о;т;-;е;и;к;ќ; ј ќ…-“ќ;A;- nom pl plen - -
43441;;бесполезные;Ѕ≈—ѕќЋ≈«Ќџ…;A;- nom pl plen - -;;;/ здесь какие-то бесполезные вещи на... чесалка;е;ы;н;з;е;л;…;Ѕ≈—ѕќЋ≈«Ќџ…;A;- nom pl plen - -
43442;;вещи;¬≈ў№;S;f inan nom pl;;;здесь какие-то бесполезные вещи на... чесалка ну;и;щ;е;в;;;№;¬≈ў№;S;f inan nom pl
43443;;на;Ќј;PR;PR;;;какие-то бесполезные вещи на... чесалка ну допустим;.;.;.;а;н;;ј;Ќј...;PR;PR
43444;;чесалка;„≈—јЋ ј;S;f inan nom sg;;;бесполезные вещи на... чесалка ну допустим и;а;к;л;а;с;е;ј;„≈—јЋ ј;S;f inan nom sg
43445;;ну;Ќ”;PART;PART;;;вещи на... чесалка ну допустим и во...;у;н;;;;;”;Ќ”;PART;PART
43446;;допустим;ƒќѕ”—“»“№;V;pf - pl imper - 1p;;;на... чесалка ну допустим и во... нормальные;м;и;т;с;у;п;№;ƒќѕ”—“»“№;V;pf - pl imper - 1p
43447;;и;»;CONJ;CONJ;;;чесалка ну допустим и во... нормальные люди;и;;;;;;»;»;CONJ;CONJ
43448;;во;¬ќ;PR;PR;;;ну допустим и во... нормальные люди э;.;.;.;о;в;;ќ;¬ќ...;PR;PR
43449;;нормальные;Ќќ–ћјЋ№Ќџ…;A;- nom pl plen - -;;;допустим и во... нормальные люди э используют;е;ы;н;ь;л;а;…;Ќќ–ћјЋ№Ќџ…;A;- nom pl plen - -
43450;;люди;„≈Ћќ¬≈ ;S;m anim nom pl;;;и во... нормальные люди э используют просто;и;д;ю;л;;; ;„≈Ћќ¬≈ ;S;m anim nom pl
43451;;э;Ё;INTJ;INTJ;;;во... нормальные люди э используют просто старую;э;;;;;;Ё;Ё;S;f inan nonflex nonflex
43452;;используют;»—ѕќЋ№«ќ¬ј“№;V;ipf praes pl indic - 3p;;;нормальные люди э используют просто старую расческу;т;ю;у;з;ь;л;№;»—ѕќЋ№«ќ¬ј“№;V;ipf praes pl indic - 3p
43453;;просто;ѕ–ќ—“ќ;PART;PART;;;люди э используют просто старую расческу /;о;т;с;о;р;п;ќ;ѕ–ќ—“ќ;PART;PART
43454;;старую;—“ј–џ…;A;- acc sg plen f -;;;э используют просто старую расческу / так же;ю;у;р;а;т;с;…;—“ј–џ…;A;- acc sg plen f -
43455;;расческу;–ј—„≈— ј;S;f inan acc sg;;;используют просто старую расческу / так же вычесывают;у;к;с;е;ч;с;ј;–ј—„≈— ј;S;f inan acc sg
43456;;/;/;PUNCT;;;;;/;;;;;;/;/;/;/
43457;;так же;так же;ADV;-;;;старую расческу / так же вычесывают / в;е;ж; ;к;а;т;е;так же;ADV;-
43458;;вычесывают;¬џ„≈—џ¬ј“№;V;ipf praes pl indic - 3p;;;расческу / так же вычесывают / в чем;т;ю;а;в;ы;с;№;¬џ„≈—џ¬ј“№;V;ipf praes pl indic - 3p
43459;;/;/;PUNCT;;;;;/;;;;;;/;/;/;/
43460;;в;¬;PR;PR;;;так же вычесывают / в чем э /;в;;;;;;¬;¬;PR;PR
43461;;чем;„≈ћ;CONJ;CONJ;;;вычесывают / в чем э / в;м;е;ч;;;;ћ;„≈ћ;CONJ;CONJ
43462;;э;Ё;INTJ;INTJ;;;/ в чем э / в чем;э;;;;;;Ё;Ё;INTJ;INTJ
43463;;/;/;PUNCT;;;;;/;;;;;;/;/;/;/
43464;;в;¬;PR;PR;;;чем э / в чем плюс ?;в;;;;;;¬;¬;PR;PR
43465;;чем;„≈ћ;CONJ;CONJ;;;э / в чем плюс ? ;м;е;ч;;;;ћ;„≈ћ;CONJ;CONJ
43466;;плюс;ѕЋё—;S;m inan nom sg;;;/ в чем плюс ?  /;с;ю;л;п;;;—;ѕЋё—;CONJ;CONJ
43467;;?;?;PUNCT;SENT;;;в чем плюс ?  / GPS;?;;;;;;?;?;SENT;SENT
43468;;;;;;;;;;;;;;;;;;
43469;"<distinct form=""джипиэс"">";;;;;;;;;;;;;;;;;
43470;;/;/;PUNCT;;;;;/;;;;;;/;/;/;
43471;;GPS;GPS;NONLEX;NONLEX;;;?  / GPS  этот /;S;P;G;;;;S;GPS;NONLEX;NONLEX
43472;</distinct>;;;;;;;;;;;;;;;;;
43473;;этот;Ё“ќ“;APRO;m - nom sg ;;;/ GPS  этот / не знаю;т;о;т;э;;;“;Ё“ќ“;A;- nom sg plen m -
43474;;/;/;PUNCT;;;;;/;;;;;;/;/;/;/
43475;;не;Ќ≈;PART;PART;;; этот / не знаю // коты;е;н;;;;;≈;Ќ≈;PART;PART
43476;;знаю;«Ќј“№;V;ipf praes sg indic - 1p;;;этот / не знаю // коты они;ю;а;н;з;;;№;«Ќј“№;V;ipf praes sg indic - 1p
43477;;//;//;PUNCT;_;;;/ не знаю // коты они как бы;/;/;;;;;/;//;PUNCT;_
43478;;коты; ќ“;S;m anim nom pl;;;не знаю // коты они как бы они;ы;т;о;к;;;“; ќ“;S;m anim nom pl
43479;;они;ќЌ»;SPRO;pl - - nom;;;знаю // коты они как бы они э;и;н;о;;;;»;ќЌ»;SPRO;pl - - nom
43480;;как бы;как бы;ADV;-;;;// коты они как бы они э просто;ы;б; ;к;а;к;ы;как бы;ADV;-
43481;;они;ќЌ»;SPRO;pl - - nom;;;коты они как бы они э просто так;и;н;о;;;;»;ќЌ»;SPRO;pl - - nom
43482;;э;Ё;INTJ;INTJ;;;они как бы они э просто так не;э;;;;;;Ё;Ё;INTJ;INTJ
43483;;просто;ѕ–ќ—“ќ;PART;PART;;;как бы они э просто так не убегают;о;т;с;о;р;п;ќ;ѕ–ќ—“ќ;PART;PART
43484;;так;“ј ;ADV;-;;;они э просто так не убегают /;к;а;т;;;; ;“ј ;ADV;-
43485;;не;Ќ≈;PART;PART;;;э просто так не убегают / их;е;н;;;;;≈;Ќ≈;PART;PART
43486;;убегают;”Ѕ≈√ј“№;V;ipf praes pl indic - 3p;;;просто так не убегают / их либо;т;ю;а;г;е;б;№;”Ѕ≈√ј“№;V;ipf praes pl indic - 3p
43487;;/;/;PUNCT;;;;;/;;;;;;/;/;/;/
43488;;их;ќЌ»;SPRO;pl - - acc;;;не убегают / их либо украдут /;х;и;;;;;»;ќЌ»;SPRO;pl - - acc
43489;;либо;Ћ»Ѕќ;CONJ;CONJ;;;убегают / их либо украдут / а;о;б;и;л;;;ќ;Ћ»Ѕќ;CONJ;CONJ
43490;;украдут;” –ј—“№;V;pf fut pl indic - 3p;;;/ их либо украдут / а если;т;у;д;а;р;к;№;” –ј—“№;V;pf fut pl indic - 3p
43491;;/;/;PUNCT;;;;;/;;;;;;/;/;/;/
43492;;а;ј;CONJ;CONJ;;;либо украдут / а если их украдут;а;;;;;;ј;ј;CONJ;CONJ
43493;;если;≈—Ћ»;CONJ;CONJ;;;украдут / а если их украдут /;и;л;с;е;;;»;≈—Ћ»;CONJ;CONJ
43494;;их;ќЌ»;SPRO;pl - - acc;;;/ а если их украдут / то;х;и;;;;;»;ќЌ»;SPRO;pl - - acc
43495;;украдут;” –ј—“№;V;pf fut pl indic - 3p;;;а если их украдут / то GPS;т;у;д;а;р;к;№;” –ј—“№;V;pf fut pl indic - 3p
43496;;/;/;PUNCT;;;;;/;;;;;;/;/;/;/
43497;"<distinct form=""джипиэс"">";;;;;;;;;;;;;;;;;
43498;;то;“ќ;PART;PART;;;их украдут / то GPS  уж;о;т;;;;;ќ;“ќ;NONLEX;
43499;;GPS;GPS;NONLEX;NONLEX;;;украдут / то GPS  уж точно;S;P;G;;;;S;GPS;NONLEX;NONLEX
43500;</distinct>;;;;;;;;;;;;;;;;;
43501;;уж;”∆;PART;PART;;;то GPS  уж точно замет€т /;ж;у;;;;;∆;”∆;PART;PART
43502;;точно;“ќ„Ќќ;ADV;-;;;GPS  уж точно замет€т / потому что;о;н;ч;о;т;;ќ;“ќ„Ќќ;ADV;-
43503;;замет€т;«јћ≈“»“№;V;pf fut pl indic - 3p;;; уж точно замет€т / потому что ;т;€;т;е;м;а;№;«јћ≈“»“№;V;pf fut pl indic - 3p
43504;;/;/;PUNCT;;;;;/;;;;;;/;/;/;/
43505;;потому что;потому что;CONJ;CONJ;;;точно замет€т / потому что  найдут //;о;т;ч; ;у;м;о;потому что;CONJ;CONJ
43506;<noindex>[нрзб]</noindex>;;;;;;;;;;;;;;;;;
43507;;найдут;Ќј…“»;V;pf fut pl indic - 3p;;;/ потому что  найдут //  типа;т;у;д;й;а;н;»;Ќј…“»;V;pf fut pl indic - 3p
43508;;//;//;PUNCT;_;;;потому что  найдут //  типа разберут;/;/;;;;;/;//;PUNCT;_
43509;<noindex>[нрзб]</noindex>;;;;;;;;;;;;;;;;;
43510;;типа;“»ѕ;S;m inan gen sg;;;найдут //  типа разберут / выключат;а;п;и;т;;;ѕ;“»ѕ;S;m inan gen sg
43511;;разберут;–ј«ќЅ–ј“№;V;pf fut pl indic - 3p;;;//  типа разберут / выключат /;т;у;р;е;б;з;№;–ј«ќЅ–ј“№;V;pf fut pl indic - 3p
43512;;/;/;PUNCT;;;;;/;;;;;;/;/;/;/
43513;;выключат;¬џ Ћё„»“№;V;pf fut pl indic - 3p;;;типа разберут / выключат / все что;т;а;ч;ю;л;к;№;¬џ Ћё„»“№;V;pf fut pl indic - 3p
43514;;/;/;PUNCT;;;;;/;;;;;;/;/;/;/
43515;;все;¬—≈;S;- - acc pl;;;/ выключат / все что угодно //;е;с;в;;;;≈;¬—≈;S;- - acc pl
43516;;что;„“ќ;CONJ;CONJ;;;выключат / все что угодно // сейчас;о;т;ч;;;;ќ;„“ќ;CONJ;CONJ
43517;;угодно;”√ќƒЌќ;PRAEDIC; -;;;/ все что угодно // сейчас ;о;н;д;о;г;у;ќ;”√ќƒЌќ;PART;PART
43518;"<distinct form=""щас"">";;;;;;;;;;;;;;;;;
43519;;//;//;PUNCT;;;;все что угодно // сейчас  здесь;/;/;;;;;/;//;PUNCT;
43520;;сейчас;—≈…„ј—;ADV;-;;;что угодно // сейчас  здесь показываетс€;с;а;ч;й;е;с;—;—≈…„ј—;ADV;-
43521;</distinct>;;;;;;;;;;;;;;;;;
43522;;здесь;«ƒ≈—№;ADV;-;;;// сейчас  здесь показываетс€ камера /;ь;с;е;д;з;;№;«ƒ≈—№;ADV;-
43523;;показываетс€;ѕќ ј«џ¬ј“№—я;V;ipf praes sg indic - 3p;;;сейчас  здесь показываетс€ камера / чтобы;€;с;т;е;а;в;я;ѕќ ј«џ¬ј“№—я;V;ipf praes sg indic - 3p
43524;;камера; јћ≈–ј;S;f inan nom sg;;; здесь показываетс€ камера / чтобы следить;а;р;е;м;а;к;ј; јћ≈–ј;S;f inan nom sg
43525;;/;/;PUNCT;;;;;/;;;;;;/;/;/;/
43526;;чтобы;„“ќЅџ;CONJ;CONJ;;;показываетс€ камера / чтобы следить / что;ы;б;о;т;ч;;џ;„“ќЅџ;CONJ;CONJ
43527;;следить;—Ћ≈ƒ»“№;V;ipf - - inf - -;;;камера / чтобы следить / что происходит;ь;т;и;д;е;л;№;—Ћ≈ƒ»“№;V;ipf - - inf - -
43528;;/;/;PUNCT;;;;;/;;;;;;/;/;/;/
43529;;что;„“ќ;CONJ;CONJ;;;чтобы следить / что происходит в комнате;о;т;ч;;;;ќ;„“ќ;CONJ;CONJ
43530;;происходит;ѕ–ќ»—’ќƒ»“№;V;ipf praes sg indic - 3p;;;следить / что происходит в комнате кота;т;и;д;о;х;с;№;ѕ–ќ»—’ќƒ»“№;V;ipf praes sg indic - 3p
43531;;в;¬;PR;PR;;;/ что происходит в комнате кота //;в;;;;;;¬;¬;PR;PR
43532;;комнате; ќћЌј“ј;S;f inan loc sg;;;что происходит в комнате кота // оп€ть;е;т;а;н;м;о;ј; ќћЌј“ј;S;f inan loc sg
43533;;кота; ќ“;S;m anim gen sg;;;происходит в комнате кота // оп€ть же;а;т;о;к;;;“; ќ“;S;m anim gen sg
43534;;//;//;PUNCT;_;;;в комнате кота // оп€ть же кака€-то;/;/;;;;;/;//;PUNCT;_
43535;;оп€ть;ќѕя“№;ADV;-;;;комнате кота // оп€ть же кака€-то отсылка;ь;т;€;п;о;;№;ќѕя“№;ADV;-
43536;;же;∆≈;PART;PART;;;кота // оп€ть же кака€-то отсылка к;е;ж;;;;;≈;∆≈;PART;PART
43537;;кака€-то; ј ќ…-“ќ;APRO;f - nom sg;;;// оп€ть же кака€-то отсылка к этим;о;т;-;€;а;к;ќ; ј ќ…-“ќ;A;- nom sg plen f -
43538;;отсылка;ќ“—џЋ ј;S;f inan nom sg;;;оп€ть же кака€-то отсылка к этим /;а;к;л;ы;с;т;ј;ќ“—џЋ ј;S;f inan nom sg
43539;;к; ;PR;PR;;;же кака€-то отсылка к этим / э;к;;;;;; ; ;PR;PR
43540;;этим;Ё“ќ“;APRO; - - dat pl plen;;;кака€-то отсылка к этим / э /;м;и;т;э;;;“;Ё“ќ“;A;- dat pl plen - -
43541;;/;/;PUNCT;;;;;/;;;;;;/;/;/;/
43542;;э;Ё;INTJ;INTJ;;;к этим / э / к не;э;;;;;;Ё;Ё;INTJ;INTJ
43543;;/;/;PUNCT;;;;;/;;;;;;/;/;/;/
43544;;к; ;PR;PR;;;/ э / к не знаю /;к;;;;;; ; ;S;- - nonflex nonflex
43545;;не;Ќ≈;PART;PART;;;э / к не знаю / какой-то;е;н;;;;;≈;Ќ≈;PART;PART
43546;;знаю;«Ќј“№;V;ipf praes sg indic - 1p;;;/ к не знаю / какой-то целое;ю;а;н;з;;;№;«Ќј“№;V;ipf praes sg indic - 1p
43547;;/;/;PUNCT;;;;;/;;;;;;/;/;/;/
43548;;какой-то; ј ќ…-“ќ;APRO;m - nom sg ;;;не знаю / какой-то целое шоу блин;о;т;-;й;о;к;ќ; ј ќ…-“ќ;A;- gen sg plen f -
43549;;целое;÷≈Ћќ≈;A; - nom sg plen n inan ;;;знаю / какой-то целое шоу блин тут;е;о;л;е;ц;;≈;÷≈Ћќ≈;S;n inan acc sg
43550;;шоу;Ўќ”;S;n inan nom sg;;;/ какой-то целое шоу блин тут строитс€;у;о;ш;;;;”;Ўќ”;S;n inan nonflex nonflex
43551;;блин;ЅЋ»Ќ;INTJ;INTJ;;;какой-то целое шоу блин тут строитс€ //;н;и;л;б;;;Ќ;ЅЋ»Ќ;S;m inan nom sg
43552;;тут;“”“;ADVPRO;-;;;целое шоу блин тут строитс€ // дом;т;у;т;;;;“;“”“;ADV;-
43553;;строитс€;—“–ќ»“№—я;V;ipf praes sg indic - 3p;;;шоу блин тут строитс€ // дом два;€;с;т;и;о;р;я;—“–ќ»“№—я;V;ipf praes sg indic - 3p
43554;;//;//;PUNCT;_;;;блин тут строитс€ // дом два кошачий;/;/;;;;;/;//;PUNCT;_
43555;;дом;ƒќћ;S;m inan nom sg;;;тут строитс€ // дом два кошачий //;м;о;д;;;;ћ;ƒќћ;S;m inan nom sg
43556;;два;ƒ¬ј;NUM;nom m inan;;;строитс€ // дом два кошачий // что;а;в;д;;;;ј;ƒ¬ј;NUM;acc m inan
43557;;кошачий; ќЎј„»…;A;m - nom sg ;;;// дом два кошачий // что ;й;и;ч;а;ш;о;…; ќЎј„»…;A;- nom sg plen m -
43558;"<distinct form=""че"">";;;;;;;;;;;;;;;;;
43559;;//;//;PUNCT;;;;дом два кошачий // что  за;/;/;;;;;/;//;PUNCT;
43560;;что;„“ќ;CONJ;CONJ;;;два кошачий // что  за хрень;о;т;ч;;;;ќ;„“ќ;CONJ;CONJ
43561;</distinct>;;;;;;;;;;;;;;;;;
43562;;за;«ј;PR;PR;;;// что  за хрень ? ;а;з;;;;;ј;«ј;PR;PR
43563;;хрень;’–≈Ќ№;S;f inan nom sg;;;что  за хрень ?  //;ь;н;е;р;х;;№;’–≈Ќ№;S;f inan acc sg
43564;;?;?;PUNCT;SENT;;; за хрень ?  // все;?;;;;;;?;?;SENT;SENT
43565;;;;;;;;;;;;;;;;;;
43566;;//;//;PUNCT;;;;хрень ?  // все / ладно;/;/;;;;;/;//;PUNCT;
43567;;;;;;;;;;;;;;;;;;
43568;"<speech role=""¬р@"" />";;;;;;;;;;;;;;;;;
43569;;все;¬—≈;PART;PART;;;?  // все / ладно /;е;с;в;;;;≈;¬—≈;PART;PART
43570;;/;/;PUNCT;;;;;/;;;;;;/;/;/;/
43571;;ладно;ЋјƒЌќ;PART;PART;;;// все / ладно / спасибо тебе;о;н;д;а;л;;ќ;ЋјƒЌќ;ADV;-
43572;;/;/;PUNCT;;;;;/;;;;;;/;/;/;/
43573;;спасибо;—ѕј—»Ѕќ;S;inan n -;;;/ ладно / спасибо тебе // м;о;б;и;с;а;п;ќ;—ѕј—»Ѕќ;S;n inan nonflex nonflex
43574;;тебе;“џ;SPRO;sg 2p - loc;;;ладно / спасибо тебе // м ?;е;б;е;т;;;џ;“џ;SPRO;sg 2p - loc
43575;;//;//;PUNCT;;;;/ спасибо тебе // м ? ;/;/;;;;;/;//;PUNCT;
43576;;;;;;;;;;;;;;;;;;
43577;"<speech role=""¬л@"" />";;;;;;;;;;;;;;;;;
43578;;м;ћ;INTJ;INTJ;;;спасибо тебе // м ?  //;м;;;;;;ћ;ћ;S;- - nonflex nonflex
43579;;?;?;PUNCT;SENT;;;тебе // м ?  // вы;?;;;;;;?;?;SENT;SENT
43580;;;;;;;;;;;;;;;;;;
43581;;//;//;PUNCT;;;;м ?  // вы внесли вклад;/;/;;;;;/;//;PUNCT;
43582;;;;;;;;;;;;;;;;;;
43583;"<speech role=""¬р@"" />";;;;;;;;;;;;;;;;;
43584;;вы;¬џ;SPRO;pl 2p - nom;;;?  // вы внесли вклад в;ы;в;;;;;џ;¬џ;SPRO;pl 2p - nom
43585;;внесли;¬Ќ≈—“»;V;pf praet pl indic - -;;; // вы внесли вклад в науку;и;л;с;е;н;в;»;¬Ќ≈—“»;V;pf praet pl indic - -
43586;;вклад;¬ Ћјƒ;S;m inan acc sg;;;// вы внесли вклад в науку //;д;а;л;к;в;;ƒ;¬ Ћјƒ;S;m inan acc sg
43587;;в;¬;PR;PR;;;вы внесли вклад в науку // ;в;;;;;;¬;¬;PR;PR
43588;;науку;Ќј” ј;S;f inan acc sg;;;внесли вклад в науку //  ;у;к;у;а;н;;ј;Ќј” ј;S;f inan acc sg
43589;;//;//;PUNCT;;;;вклад в науку //   Ќу;/;/;;;;;/;//;PUNCT;
